,Compound,Date,Negative,Neutral,Positive,Tweet_account,text
0,0.0,Mon Jan 08 19:37:04 +0000 2018,1.0,0.0,0.0,@BBC,"tonight, go beyond the theatre doors and discover how surgeons push medical boundaries to the limits. ? 

surgeons:… https://t.co/zonkfmfkdy"
1,0.1779,Mon Jan 08 19:02:01 +0000 2018,0.793,0.088,0.119,@BBC,"?? the moment a moose, which got stuck up to its neck in snow, is freed by rescuers in canada. ? https://t.co/eddnzlfp2c"
2,-0.126,Mon Jan 08 18:32:04 +0000 2018,0.923,0.077,0.0,@BBC,?? this year you can get 24 days off in a row using just 14 days of leave! https://t.co/ffvi0okwiv https://t.co/3bijlmek4s
3,0.0,Mon Jan 08 18:02:04 +0000 2018,1.0,0.0,0.0,@BBC,?? it was a big day for princess charlotte today as she started at nursery school. https://t.co/uzm4xqmphv https://t.co/tvw11cknvf
4,0.0,Mon Jan 08 17:30:06 +0000 2018,1.0,0.0,0.0,@BBC,??this mum is taking on the global airline industry to get wheelchairs allowed on planes. https://t.co/c5sukv2fjy
5,0.0,Mon Jan 08 17:09:03 +0000 2018,1.0,0.0,0.0,@BBC,"this #meatfreemonday, why not give one of these veggie pasta bakes a go? ??? https://t.co/bfvmdf4fzi https://t.co/zrxjl2zass"
6,0.0,Mon Jan 08 16:48:04 +0000 2018,1.0,0.0,0.0,@BBC,"'i still have that karaoke machine!' ????

@camila_cabello explains how a @britneyspears karaoke cd made her christ… https://t.co/g2wjxbow67"
7,0.0,Mon Jan 08 16:33:07 +0000 2018,1.0,0.0,0.0,@BBC,these are some of the most striking photographs taken last week from around the world. ? https://t.co/nbdyzeg9yw https://t.co/ixljals7bq
8,0.0,Mon Jan 08 16:00:05 +0000 2018,1.0,0.0,0.0,@BBC,judi dench and maggie smith star as two sisters whose lives are changed when they befriend a man they find on the b… https://t.co/a9hqmwl9bv
9,0.0772,Mon Jan 08 15:27:21 +0000 2018,0.925,0.0,0.075,@BBC,"?eight books that will make you want to run away with the circus. ?? https://t.co/ahzu4dn2kd

#lovetoread https://t.co/fnps49syg6"
10,0.6908,Mon Jan 08 15:00:07 +0000 2018,0.769,0.0,0.231,@BBC,?? if you're married then it might be best to tread carefully today which has been dubbed #divorceday by lawyers.… https://t.co/tamdjajpmp
11,0.5106,Mon Jan 08 14:30:06 +0000 2018,0.71,0.0,0.29,@BBC,repeat bouts of warmer seawater are posing a significant challenge to the world's coral reefs. ? ? ?… https://t.co/nle91lqxyt
12,0.3182,Mon Jan 08 14:03:04 +0000 2018,0.728,0.111,0.161,@BBC,"'having kids ruins your life in the best way possible.'
11 things we learned from charlie brooker’s desert island d… https://t.co/qcyma9kdna"
13,-0.6739,Mon Jan 08 13:43:59 +0000 2018,0.524,0.476,0.0,@BBC,rt @bbcthesocial: wtf is #hygge? https://t.co/m04sxi3xmt
14,0.0,Mon Jan 08 13:40:41 +0000 2018,1.0,0.0,0.0,@BBC,rt @bbcrb: any spare paper laying about in your office? donate some today ! ? https://t.co/fwcgmnjk6y
15,0.4019,Mon Jan 08 13:33:04 +0000 2018,0.863,0.0,0.137,@BBC,"new year, new me? ? 

? ?  from taking photos inside active volcanoes to jousting, here are 8 hobbies you probably… https://t.co/wgthbd3tk1"
16,0.0,Mon Jan 08 13:00:08 +0000 2018,1.0,0.0,0.0,@BBC,?? this 16-year-old girl from east kilbride has made f4 motor racing history. https://t.co/lhhhu6vky8
17,0.8176,Mon Jan 08 12:40:13 +0000 2018,0.702,0.0,0.298,@BBC,rt @bbccornwall: ?? even the dolphins had a lovely time playing in the #sundaysunshine in mounts bay ???? thanks to #drone operator simon s…
18,0.0,Mon Jan 08 12:37:56 +0000 2018,1.0,0.0,0.0,@BBC,rt @bbc100women: the red carpet was a sea of black dresses and suits at the #goldenglobes.  stars discuss #whywewearblack and make it very…
19,0.0,Mon Jan 08 12:37:14 +0000 2018,1.0,0.0,0.0,@BBC,"rt @bbcspringwatch: 50 million trees are going to be planted ?
https://t.co/x4enjn8h2a"
20,0.0,Mon Jan 08 19:37:04 +0000 2018,1.0,0.0,0.0,@BBC,"tonight, go beyond the theatre doors and discover how surgeons push medical boundaries to the limits. ? 

surgeons:… https://t.co/zonkfmfkdy"
21,0.1779,Mon Jan 08 19:02:01 +0000 2018,0.793,0.088,0.119,@BBC,"?? the moment a moose, which got stuck up to its neck in snow, is freed by rescuers in canada. ? https://t.co/eddnzlfp2c"
22,-0.126,Mon Jan 08 18:32:04 +0000 2018,0.923,0.077,0.0,@BBC,?? this year you can get 24 days off in a row using just 14 days of leave! https://t.co/ffvi0okwiv https://t.co/3bijlmek4s
23,0.0,Mon Jan 08 18:02:04 +0000 2018,1.0,0.0,0.0,@BBC,?? it was a big day for princess charlotte today as she started at nursery school. https://t.co/uzm4xqmphv https://t.co/tvw11cknvf
24,0.0,Mon Jan 08 17:30:06 +0000 2018,1.0,0.0,0.0,@BBC,??this mum is taking on the global airline industry to get wheelchairs allowed on planes. https://t.co/c5sukv2fjy
25,0.0,Mon Jan 08 17:09:03 +0000 2018,1.0,0.0,0.0,@BBC,"this #meatfreemonday, why not give one of these veggie pasta bakes a go? ??? https://t.co/bfvmdf4fzi https://t.co/zrxjl2zass"
26,0.0,Mon Jan 08 16:48:04 +0000 2018,1.0,0.0,0.0,@BBC,"'i still have that karaoke machine!' ????

@camila_cabello explains how a @britneyspears karaoke cd made her christ… https://t.co/g2wjxbow67"
27,0.0,Mon Jan 08 16:33:07 +0000 2018,1.0,0.0,0.0,@BBC,these are some of the most striking photographs taken last week from around the world. ? https://t.co/nbdyzeg9yw https://t.co/ixljals7bq
28,0.0,Mon Jan 08 16:00:05 +0000 2018,1.0,0.0,0.0,@BBC,judi dench and maggie smith star as two sisters whose lives are changed when they befriend a man they find on the b… https://t.co/a9hqmwl9bv
29,0.0772,Mon Jan 08 15:27:21 +0000 2018,0.925,0.0,0.075,@BBC,"?eight books that will make you want to run away with the circus. ?? https://t.co/ahzu4dn2kd

#lovetoread https://t.co/fnps49syg6"
30,0.6908,Mon Jan 08 15:00:07 +0000 2018,0.769,0.0,0.231,@BBC,?? if you're married then it might be best to tread carefully today which has been dubbed #divorceday by lawyers.… https://t.co/tamdjajpmp
31,0.5106,Mon Jan 08 14:30:06 +0000 2018,0.71,0.0,0.29,@BBC,repeat bouts of warmer seawater are posing a significant challenge to the world's coral reefs. ? ? ?… https://t.co/nle91lqxyt
32,0.3182,Mon Jan 08 14:03:04 +0000 2018,0.728,0.111,0.161,@BBC,"'having kids ruins your life in the best way possible.'
11 things we learned from charlie brooker’s desert island d… https://t.co/qcyma9kdna"
33,-0.6739,Mon Jan 08 13:43:59 +0000 2018,0.524,0.476,0.0,@BBC,rt @bbcthesocial: wtf is #hygge? https://t.co/m04sxi3xmt
34,0.0,Mon Jan 08 13:40:41 +0000 2018,1.0,0.0,0.0,@BBC,rt @bbcrb: any spare paper laying about in your office? donate some today ! ? https://t.co/fwcgmnjk6y
35,0.4019,Mon Jan 08 13:33:04 +0000 2018,0.863,0.0,0.137,@BBC,"new year, new me? ? 

? ?  from taking photos inside active volcanoes to jousting, here are 8 hobbies you probably… https://t.co/wgthbd3tk1"
36,0.0,Mon Jan 08 13:00:08 +0000 2018,1.0,0.0,0.0,@BBC,?? this 16-year-old girl from east kilbride has made f4 motor racing history. https://t.co/lhhhu6vky8
37,0.8176,Mon Jan 08 12:40:13 +0000 2018,0.702,0.0,0.298,@BBC,rt @bbccornwall: ?? even the dolphins had a lovely time playing in the #sundaysunshine in mounts bay ???? thanks to #drone operator simon s…
38,0.0,Mon Jan 08 12:37:56 +0000 2018,1.0,0.0,0.0,@BBC,rt @bbc100women: the red carpet was a sea of black dresses and suits at the #goldenglobes.  stars discuss #whywewearblack and make it very…
39,0.0,Mon Jan 08 12:37:14 +0000 2018,1.0,0.0,0.0,@BBC,"rt @bbcspringwatch: 50 million trees are going to be planted ?
https://t.co/x4enjn8h2a"
40,0.1935,Mon Jan 08 12:37:05 +0000 2018,0.836,0.0,0.164,@BBC,"rt @bbccomedy: so, how you feeling today? ?? #mondaymotivation https://t.co/dyrd1shmfq"
41,0.4019,Mon Jan 08 12:36:01 +0000 2018,0.891,0.0,0.109,@BBC,"rt @bbcone: ? thick fur and enormous feet help canada lynx deal with deep snow and arctic conditions. 

? #bigcats, thursday at 8pm on @bbc…"
42,0.0,Mon Jan 08 12:29:03 +0000 2018,1.0,0.0,0.0,@BBC,"on what would have been #davidbowie's 71st birthday, here are 8 life lessons we can take away from the star man's t… https://t.co/kbsd0n77jx"
43,0.4939,Mon Jan 08 12:28:45 +0000 2018,0.868,0.0,0.132,@BBC,"rt @bbcasiannetwork: ? ""they walk in the room and they let everybody know.""
@iamwill tells @harpreetuk how he's been inspired to ditch the…"
44,0.0,Mon Jan 08 11:53:03 +0000 2018,1.0,0.0,0.0,@BBC,"?our universe has a speed limit of 299,792 km p/s (which is also the rate at which light travels), but what is it t… https://t.co/dfdyb5az1f"
45,0.0,Mon Jan 08 11:29:26 +0000 2018,1.0,0.0,0.0,@BBC,the biggest moments from last night's #goldenglobes. ? ? https://t.co/gzcjztqrln https://t.co/23ljxnf3wn
46,0.4215,Mon Jan 08 09:57:36 +0000 2018,0.763,0.0,0.237,@BBC,some powerful speeches and statements from this year's #goldenglobes. https://t.co/ewkahpthov
47,0.5994,Mon Jan 08 09:00:06 +0000 2018,0.837,0.0,0.163,@BBC,we have a 'supermoon trilogy' coming in january &amp; the final one - a 'super blue blood moon' - could be the most rar… https://t.co/nbwhzdxrsh
48,0.0,Mon Jan 08 08:46:52 +0000 2018,1.0,0.0,0.0,@BBC,rt @bbcworld: golden globes 2018: why stars wore black on the red carpet https://t.co/p4luzteofq
49,-0.4019,Mon Jan 08 08:46:36 +0000 2018,0.742,0.177,0.081,@BBC,rt @bbcengland: commuters face up to three days of disruption as staff at five train firms begin a fresh wave of strikes in separate disput…
50,0.0,Mon Jan 08 08:45:11 +0000 2018,1.0,0.0,0.0,@BBC,"rt @bbcnewsbeat: here are the eight big moments from the #goldenglobes last night:

https://t.co/dzbliyugwt https://t.co/zdm1kl7wnm"
51,0.2755,Mon Jan 08 08:44:58 +0000 2018,0.883,0.0,0.117,@BBC,rt @bbcthree: you'll never complain about your commute again after you see these bonkers journeys https://t.co/43i5hefpj8 https://t.co/dzwj…
52,0.4574,Mon Jan 08 08:44:11 +0000 2018,0.87,0.0,0.13,@BBC,"rt @bbcgetinspired: you can do it! ? 

@adeleroberts is on a mission to get you active with her january health hacks. #getinspired #mondaym…"
53,0.0,Mon Jan 08 08:44:05 +0000 2018,1.0,0.0,0.0,@BBC,"rt @bbcworldservice: ""the fact that we have an epidemic of depression... is telling us that we've built a society that doesn't match people…"
54,0.0,Mon Jan 08 08:40:02 +0000 2018,1.0,0.0,0.0,@BBC,"beef farmer jay gave up his family farm to send his herd to live out their days in a sanctuary. ????
#everydayheroes https://t.co/ijbp8kxfna"
55,0.0,Mon Jan 08 08:40:00 +0000 2018,1.0,0.0,0.0,@BBC,"rt @bbc6music: ??? today would have been david bowie's 71st birthday. in 1973 on @bbc's nationwide, he contemplated life after ziggy stardu…"
56,0.0,Mon Jan 08 08:33:02 +0000 2018,1.0,0.0,0.0,@BBC,when you wake up and remember you're expected to work five whole days this week. ? #mondaymorning https://t.co/ju3okv1rep
57,0.0,Mon Jan 08 08:00:08 +0000 2018,1.0,0.0,0.0,@BBC,??? why do some people need several cups of coffee just to get through the day? https://t.co/l3pohvghje
58,0.4588,Mon Jan 08 07:38:10 +0000 2018,0.667,0.0,0.333,@BBC,??? preserving morocco's grand gardens. https://t.co/rh4tovulzu https://t.co/kvynry7zdt
59,0.2263,Sun Jan 07 20:03:03 +0000 2018,0.734,0.107,0.158,@BBC,"switzerland's schindler? 
carl lutz is the forgotten swiss diplomat who rescued thousands from holocaust.… https://t.co/lnzrhfr6ln"
60,0.7351,Sun Jan 07 19:30:04 +0000 2018,0.721,0.0,0.279,@BBC,"tonight, michael palin shares the story behind his outstanding career in television and film. ? 

michael palin: a… https://t.co/voyzhp6jyu"
61,0.0,Sun Jan 07 19:25:10 +0000 2018,1.0,0.0,0.0,@BBC,rt @bbcworld: snowing or glowing? https://t.co/em8ks1agpz
62,0.0,Sun Jan 07 19:22:48 +0000 2018,1.0,0.0,0.0,@BBC,"rt @bbcradio4: ? roll up! roll up!
https://t.co/aealoy7xgg"
63,0.0,Sun Jan 07 19:19:39 +0000 2018,1.0,0.0,0.0,@BBC,"rt @bbccomedy: we can't keep up with the karcrashians. ohmigod, so pwetty!!!! https://t.co/ejv7fijmob"
64,-0.1531,Sun Jan 07 19:18:56 +0000 2018,0.926,0.074,0.0,@BBC,"rt @bbcmusic: ed sheeran performing 'perfect' with jools holland and his rhythm &amp; blues orchestra was rather exceptional ?
-
miss the show?…"
65,0.3612,Sun Jan 07 19:00:05 +0000 2018,0.898,0.0,0.102,@BBC,"you can learn what an animal sounds like from what it evolved to hear. 

and it turns out, t rex sounded nothing li… https://t.co/buxuj3majp"
66,0.0,Sun Jan 07 18:32:03 +0000 2018,1.0,0.0,0.0,@BBC,"tonight, david attenborough attempts to animate the life of a 200-million-year-old ichthyosaur. ? 

attenborough an… https://t.co/xwsafgcqu8"
67,0.6369,Sun Jan 07 17:59:05 +0000 2018,0.682,0.0,0.318,@BBC,budget italian feasts the whole family will love. ? https://t.co/mtslovp6m6 https://t.co/8fcy2tobm6
68,0.4215,Sun Jan 07 17:19:01 +0000 2018,0.797,0.0,0.203,@BBC,"what's the true scale of the global trade in humans? 
#mcmafia https://t.co/3x7ydsabmv"
69,0.128,Sun Jan 07 16:53:27 +0000 2018,0.359,0.308,0.333,@BBC,"the best, worst and weirdest #facup fan fashion. ??? https://t.co/hdebwew84u https://t.co/1dmfvbc8oj"
70,-0.0258,Sun Jan 07 16:34:03 +0000 2018,0.695,0.155,0.15,@BBC,rt @bbc_designed: eastern block design is back and it’s inspiring a whole new fashion movement. ? https://t.co/xs6vj68vx8
71,0.5859,Sun Jan 07 16:31:59 +0000 2018,0.612,0.0,0.388,@BBC,rt @bbcworld: a beauty contest with a difference ? https://t.co/arddefbwo5
72,0.6369,Sun Jan 07 16:31:55 +0000 2018,0.769,0.0,0.231,@BBC,rt @bbcthree: becoming a single mum was the best thing that happened to me  https://t.co/64zeqqrwe0 https://t.co/bjrobhterz
73,0.0,Sun Jan 07 16:31:45 +0000 2018,1.0,0.0,0.0,@BBC,rt @bbcscotland: 'official sightings' of nessie in 2017 were the highest this century ? https://t.co/etouirbb0z
74,0.4019,Sun Jan 07 16:31:39 +0000 2018,0.828,0.0,0.172,@BBC,rt @bbccomedy: when your wife is definitely not your wife... ?? #wouldilietoyou @joelycett https://t.co/rr268sr8p6
75,0.0,Sun Jan 07 16:30:09 +0000 2018,1.0,0.0,0.0,@BBC,"the ricky &amp; graham show, anyone?

#thegnshow https://t.co/bvfk05j0zq"
76,0.0,Sun Jan 07 16:27:07 +0000 2018,1.0,0.0,0.0,@BBC,"rt @bbcmusic: you might recognise some of the names who voted in the #soundof2018 poll..

hiya @stormzy1, @elliegoulding and @alexander_oll…"
77,0.0,Sun Jan 07 16:25:04 +0000 2018,1.0,0.0,0.0,@BBC,rt @bbctwo: here's why doves will not be appearing at the tokyo 2020 olympics. ?? #qi https://t.co/fm1fx4wztq
78,0.0,Sun Jan 07 16:19:01 +0000 2018,1.0,0.0,0.0,@BBC,"rt @bbcone: ? incoming. 
#mcmafia continues tonight at 9pm, @bbcone. don’t be late. https://t.co/z1jbkx7ral"
79,-0.0772,Sun Jan 07 16:18:25 +0000 2018,0.925,0.075,0.0,@BBC,rt @bbcworldservice: could one of the toughest cycling races bring unity to colombia? more here: https://t.co/mfl1o9spkm https://t.co/jnwdg…
80,0.4019,Sun Jan 07 16:00:07 +0000 2018,0.856,0.0,0.144,@BBC,"burnt out? here are 8 locations to help you get way, way away from it all. ? https://t.co/qinvxqrmpa https://t.co/csaninn8pn"
81,-0.3182,Sun Jan 07 15:30:05 +0000 2018,0.758,0.152,0.09,@BBC,"are you prepared for the collapse of society? ?
here’s the knowledge you’d need to reboot civilisation. ?… https://t.co/rqtuoyemqc"
82,0.0,Sun Jan 07 15:01:01 +0000 2018,1.0,0.0,0.0,@BBC,"take a peek #insidethefactory to see how a fish finger is made. ???
https://t.co/fejnii4shz"
83,0.6597,Sun Jan 07 14:30:02 +0000 2018,0.769,0.0,0.231,@BBC,this fisherman in cornwall is helping to save cetaceans by using modern technology to aid his fishing practices. ?? https://t.co/rlnklqxfwf
84,0.0,Sun Jan 07 14:00:04 +0000 2018,1.0,0.0,0.0,@BBC,"the year is 2018.
music is changing fast, but can the humans keep up?
here's a handful of possible outcomes. ?… https://t.co/pqyelwwhnz"
85,0.6369,Sun Jan 07 13:33:06 +0000 2018,0.781,0.0,0.219,@BBC,take a look at some of the best photographs of the uk from last year. ? https://t.co/why5ck9xkk https://t.co/xjfduxho1z
86,-0.1531,Sun Jan 07 13:10:30 +0000 2018,0.89,0.11,0.0,@BBC,"rt @bbcradio4: ‘i exaggerate for comic effect’ 
@charltonbrooker on his on-screen persona. 
#desertislanddiscs 
https://t.co/tdfpzed4cj"
87,0.5267,Sun Jan 07 13:00:04 +0000 2018,0.841,0.0,0.159,@BBC,"is this the new age of the train? 

? @bbc_culture explores the brave new world of futuristic rail travel.… https://t.co/x6ubsxe6eq"
88,-0.5423,Sun Jan 07 12:33:59 +0000 2018,0.763,0.189,0.048,@BBC,"rt @bbcone: a mysterious figure reaches out to alex, who is finding it increasingly difficult to say no. #mcmafia. tonight, 9pm. @bbcone. h…"
89,-0.5204,Sun Jan 07 12:30:05 +0000 2018,0.708,0.227,0.065,@BBC,"if you have anxiety, you’re not alone. over 8m people in the uk have an anxiety disorder of some sort. 
here's some… https://t.co/rg917tpukp"
90,-0.4588,Sun Jan 07 11:36:25 +0000 2018,0.727,0.273,0.0,@BBC,rt @bbcscotland: the abandoned island reclaimed by seabirds ? https://t.co/yravnfn8xa
91,0.0,Sun Jan 07 11:35:58 +0000 2018,1.0,0.0,0.0,@BBC,rt @bbcthree: don't be this guy. https://t.co/8t8qjrbojy
92,0.0,Sun Jan 07 11:33:57 +0000 2018,1.0,0.0,0.0,@BBC,"rt @bbcgetinspired: ? splash!

when you're learning to paddleboard there's only one way it's going to end... ? #getinspired https://t.co/zl…"
93,0.4588,Sun Jan 07 11:33:02 +0000 2018,0.75,0.0,0.25,@BBC,rt @bbcradio4: 15 podcasts guaranteed to make you smarter. https://t.co/brm87q7mus
94,0.0,Sun Jan 07 11:29:58 +0000 2018,1.0,0.0,0.0,@BBC,"rt @bbciplayer: ?? ""the complete #hardsun dossier will be released."" https://t.co/7aeupt9m0n https://t.co/tl50rimcos"
95,0.1531,Sun Jan 07 11:05:24 +0000 2018,0.897,0.0,0.103,@BBC,"rt @bbcthree: here are solid comebacks for when people say ""non-binary people don't exist."" https://t.co/aquqwutysf"
96,-0.5994,Sun Jan 07 11:01:46 +0000 2018,0.562,0.438,0.0,@BBC,rt @bbcworld: death by selfie https://t.co/nr2lwsnmgr
97,0.0,Sun Jan 07 11:00:06 +0000 2018,1.0,0.0,0.0,@BBC,"what's the fattest animal on earth? ???

a whale, bear, supersized walrus or something altogether unexpected?… https://t.co/etzgpkp3eh"
98,0.0,Sun Jan 07 10:53:54 +0000 2018,1.0,0.0,0.0,@BBC,rt @bbcnews: royal wedding: late pub opening hours for harry and meghan https://t.co/7w6kcojyxl
99,0.5719,Sun Jan 07 10:49:25 +0000 2018,0.821,0.0,0.179,@BBC,rt @bbcfood: going low-cal but having cravings? enter the easiest ever chicken traybake. ? full recipe here - https://t.co/kxmxtddtgx https…
100,0.0,Mon Jan 08 18:07:57 +0000 2018,1.0,0.0,0.0,@CBS,rt @startrekcbs: #startrekdiscovery is back! episode 10 is now streaming on cbs all access: https://t.co/xpeb97rs8j https://t.co/uvgab7nggs
101,0.0,Mon Jan 08 14:34:48 +0000 2018,1.0,0.0,0.0,@CBS,"new year, new case. watch the latest episode of #ncisla now: https://t.co/1rasx4esib https://t.co/qzrzcork9r"
102,0.0,Mon Jan 08 14:29:20 +0000 2018,1.0,0.0,0.0,@CBS,rt @amazingracecbs: which teams are zipping through the first leg of the #amazingrace? https://t.co/8isawpyrly
103,0.0,Mon Jan 08 00:29:51 +0000 2018,1.0,0.0,0.0,@CBS,rt @madamsecretary: is vp hurst going to work with or against elizabeth? stream a new #madamsecretary live with cbs all access: https://t.c…
104,0.0,Sat Jan 06 20:05:17 +0000 2018,1.0,0.0,0.0,@CBS,"rt @debrabirnbaum: .@shawnryantv: to me, being on cbs is the opposite of preaching to the choir. #tca18"
105,0.8271,Sat Jan 06 19:04:08 +0000 2018,0.686,0.0,0.314,@CBS,rt @livinbiblically: “the truth is it somehow gorgeously straddles both sides...i have had friends come from all different walks of life an…
106,-0.7717,Sat Jan 06 19:03:38 +0000 2018,0.774,0.226,0.0,@CBS,rt @instinctcbs: “this is a crime show where at the end you’re not reminded of how miserable things are in the world right now…you feel sat…
107,0.0,Sat Jan 06 00:37:55 +0000 2018,1.0,0.0,0.0,@CBS,"rt @startrekcbs: star trek has touched the lives of generations of fans, including the cast and writers of #startrekdiscovery. what's your…"
108,0.0,Sat Jan 06 00:30:53 +0000 2018,1.0,0.0,0.0,@CBS,#strangeangel has found its leading man! jack reynor will star as famed rocket engineer jack parsons in the upcomin… https://t.co/shkskabgfd
109,0.0,Fri Jan 05 18:30:42 +0000 2018,1.0,0.0,0.0,@CBS,"the streak of new episodes continues! watch new episodes of #macgyver, #h50 &amp; #bluebloods tonight starting at 8/7c.… https://t.co/xs2vbvqbjz"
110,0.0,Fri Jan 05 16:05:58 +0000 2018,1.0,0.0,0.0,@CBS,"rt @cbstweet: #cbsratingsnews: cbs sweeps fourth quarter ratings in daytime, primetime and late night for the first time since 2009 https:/…"
111,0.1867,Thu Jan 04 23:13:02 +0000 2018,0.89,0.0,0.11,@CBS,"new year, new episodes! don't miss all-new episodes of @bigbangtheory, @youngsheldon, @momcbs, @lifeinpiecescbs, an… https://t.co/cof6qg8mz1"
112,-0.296,Thu Jan 04 14:43:09 +0000 2018,0.879,0.121,0.0,@CBS,"current nominees @ladygaga, @littlebigtown, @pink, childish gambino and more will perform live at the #grammys, jan… https://t.co/pllmasnpwd"
113,0.5423,Wed Jan 03 20:33:09 +0000 2018,0.821,0.0,0.179,@CBS,"rt @startrekcbs: from airiam to zefram cochrane, #startrekdiscovery features fascinating new concepts along with classic references. what's…"
114,-0.5267,Wed Jan 03 19:51:15 +0000 2018,0.833,0.167,0.0,@CBS,torres and bishop went undercover as a criminal couple on the latest episode of #ncis. catch up now:… https://t.co/1itenehyjs
115,0.5423,Wed Jan 03 15:00:05 +0000 2018,0.857,0.0,0.143,@CBS,do you know all the nominees for artist of the year? get familiar with this year's grammy® award nominees ahead of… https://t.co/uqa8mu9puv
116,0.0,Wed Jan 03 12:00:01 +0000 2018,1.0,0.0,0.0,@CBS,"the new year of new episodes continues tonight with all-new episodes of #amazingrace, #sealteam and #criminalminds… https://t.co/bwhnhqgsfc"
117,-0.7692,Wed Jan 03 00:47:26 +0000 2018,0.733,0.267,0.0,@CBS,"rt @bullcbs: tonight, can #bull prove that a teen accused of robbing a jewelry store isn't responsible for the crime? tune in at 9/8c or st…"
118,0.8516,Tue Jan 02 22:41:51 +0000 2018,0.66,0.0,0.34,@CBS,it's your last chance to choose the pro football player with the best off-the-field talent! vote now to decide who… https://t.co/6djwqu0mb9
119,0.0,Tue Jan 02 08:00:03 +0000 2018,1.0,0.0,0.0,@CBS,"new year, new episodes -- all week long! it kicks off with an all-new #ncis, #bull and #ncisnola tonight starting a… https://t.co/bcmaauqjtf"
120,0.0,Mon Jan 08 18:07:57 +0000 2018,1.0,0.0,0.0,@CBS,rt @startrekcbs: #startrekdiscovery is back! episode 10 is now streaming on cbs all access: https://t.co/xpeb97rs8j https://t.co/uvgab7nggs
121,0.0,Mon Jan 08 14:34:48 +0000 2018,1.0,0.0,0.0,@CBS,"new year, new case. watch the latest episode of #ncisla now: https://t.co/1rasx4esib https://t.co/qzrzcork9r"
122,0.0,Mon Jan 08 14:29:20 +0000 2018,1.0,0.0,0.0,@CBS,rt @amazingracecbs: which teams are zipping through the first leg of the #amazingrace? https://t.co/8isawpyrly
123,0.0,Mon Jan 08 00:29:51 +0000 2018,1.0,0.0,0.0,@CBS,rt @madamsecretary: is vp hurst going to work with or against elizabeth? stream a new #madamsecretary live with cbs all access: https://t.c…
124,0.0,Sat Jan 06 20:05:17 +0000 2018,1.0,0.0,0.0,@CBS,"rt @debrabirnbaum: .@shawnryantv: to me, being on cbs is the opposite of preaching to the choir. #tca18"
125,0.8271,Sat Jan 06 19:04:08 +0000 2018,0.686,0.0,0.314,@CBS,rt @livinbiblically: “the truth is it somehow gorgeously straddles both sides...i have had friends come from all different walks of life an…
126,-0.7717,Sat Jan 06 19:03:38 +0000 2018,0.774,0.226,0.0,@CBS,rt @instinctcbs: “this is a crime show where at the end you’re not reminded of how miserable things are in the world right now…you feel sat…
127,0.0,Sat Jan 06 00:37:55 +0000 2018,1.0,0.0,0.0,@CBS,"rt @startrekcbs: star trek has touched the lives of generations of fans, including the cast and writers of #startrekdiscovery. what's your…"
128,0.0,Sat Jan 06 00:30:53 +0000 2018,1.0,0.0,0.0,@CBS,#strangeangel has found its leading man! jack reynor will star as famed rocket engineer jack parsons in the upcomin… https://t.co/shkskabgfd
129,0.0,Fri Jan 05 18:30:42 +0000 2018,1.0,0.0,0.0,@CBS,"the streak of new episodes continues! watch new episodes of #macgyver, #h50 &amp; #bluebloods tonight starting at 8/7c.… https://t.co/xs2vbvqbjz"
130,0.0,Fri Jan 05 16:05:58 +0000 2018,1.0,0.0,0.0,@CBS,"rt @cbstweet: #cbsratingsnews: cbs sweeps fourth quarter ratings in daytime, primetime and late night for the first time since 2009 https:/…"
131,0.1867,Thu Jan 04 23:13:02 +0000 2018,0.89,0.0,0.11,@CBS,"new year, new episodes! don't miss all-new episodes of @bigbangtheory, @youngsheldon, @momcbs, @lifeinpiecescbs, an… https://t.co/cof6qg8mz1"
132,-0.296,Thu Jan 04 14:43:09 +0000 2018,0.879,0.121,0.0,@CBS,"current nominees @ladygaga, @littlebigtown, @pink, childish gambino and more will perform live at the #grammys, jan… https://t.co/pllmasnpwd"
133,0.5423,Wed Jan 03 20:33:09 +0000 2018,0.821,0.0,0.179,@CBS,"rt @startrekcbs: from airiam to zefram cochrane, #startrekdiscovery features fascinating new concepts along with classic references. what's…"
134,-0.5267,Wed Jan 03 19:51:15 +0000 2018,0.833,0.167,0.0,@CBS,torres and bishop went undercover as a criminal couple on the latest episode of #ncis. catch up now:… https://t.co/1itenehyjs
135,0.5423,Wed Jan 03 15:00:05 +0000 2018,0.857,0.0,0.143,@CBS,do you know all the nominees for artist of the year? get familiar with this year's grammy® award nominees ahead of… https://t.co/uqa8mu9puv
136,0.0,Wed Jan 03 12:00:01 +0000 2018,1.0,0.0,0.0,@CBS,"the new year of new episodes continues tonight with all-new episodes of #amazingrace, #sealteam and #criminalminds… https://t.co/bwhnhqgsfc"
137,-0.7692,Wed Jan 03 00:47:26 +0000 2018,0.733,0.267,0.0,@CBS,"rt @bullcbs: tonight, can #bull prove that a teen accused of robbing a jewelry store isn't responsible for the crime? tune in at 9/8c or st…"
138,0.8516,Tue Jan 02 22:41:51 +0000 2018,0.66,0.0,0.34,@CBS,it's your last chance to choose the pro football player with the best off-the-field talent! vote now to decide who… https://t.co/6djwqu0mb9
139,0.0,Tue Jan 02 08:00:03 +0000 2018,1.0,0.0,0.0,@CBS,"new year, new episodes -- all week long! it kicks off with an all-new #ncis, #bull and #ncisnola tonight starting a… https://t.co/bcmaauqjtf"
140,0.0,Mon Jan 01 01:16:12 +0000 2018,1.0,0.0,0.0,@CBS,"due to #nfl football games overrun, revised start times &amp; lineup for eastern/central time zones only:
#60minutes 8:… https://t.co/rqoybm5j0h"
141,0.7798,Sun Dec 31 14:37:05 +0000 2017,0.736,0.0,0.264,@CBS,get ready for football! stream nfl on cbs today with #cbsallaccess. try 1 month free with promo code binge (not ava… https://t.co/nentvw7qhd
142,0.0,Sat Dec 30 20:25:20 +0000 2017,1.0,0.0,0.0,@CBS,"rt @noactivitycbs: all season nothing's happened. now prepare for activity. stream the #noactivity season finale sunday, dec 31 on cbs all…"
143,0.3612,Sat Dec 30 20:24:58 +0000 2017,0.884,0.0,0.116,@CBS,rt @startrekcbs: find out what happens when you boldly go too far. #startrekdiscovery continues january 7 on cbs all access: https://t.co/f…
144,0.0857,Fri Dec 29 16:06:02 +0000 2017,0.699,0.144,0.157,@CBS,stream nc state wolfpack at arizona state sun devils live today at 3pm et with a 1-month free trial of… https://t.co/8k50thgtip
145,0.1511,Thu Dec 28 20:31:01 +0000 2017,0.783,0.096,0.121,@CBS,"in case you missed this star-studded tribute to carol burnett's classic comedy series, catch up now! watch the caro… https://t.co/wu7bxm9gtm"
146,0.0,Thu Dec 28 19:28:22 +0000 2017,1.0,0.0,0.0,@CBS,some of tv's biggest stars saluted @thenormanlear's impact on television and culture at the 40th annual kennedy cen… https://t.co/e74chuw1ue
147,0.875,Wed Dec 27 22:45:05 +0000 2017,0.643,0.0,0.357,@CBS,the search is on to find the pro football player with the best off-the-field talent. vote for your favorite player… https://t.co/r0fb5ngj16
148,0.7717,Wed Dec 27 21:04:10 +0000 2017,0.705,0.0,0.295,@CBS,"celebrate everyone's favorite classic sitcom with carol burnett, vicki lawrence, and more stars during the carol bu… https://t.co/saiz9tzbvo"
149,0.8452,Wed Dec 27 19:52:02 +0000 2017,0.663,0.0,0.337,@CBS,joy to the world of streaming! try #cbsallaccess free for 1 month – just use code binge by 1/2:… https://t.co/9p1acnslz6
150,0.0,Wed Dec 27 19:40:34 +0000 2017,1.0,0.0,0.0,@CBS,"music legend stevie wonder salutes @lionelrichie while performing his classic hit, ""easy"" at the 40th annual kenned… https://t.co/7tedenyhgo"
151,0.7003,Wed Dec 27 12:00:01 +0000 2017,0.766,0.0,0.234,@CBS,"as the youngest kennedy center honoree in 40 years, @llcoolj talks about what motivates him to chase his dreams. wa… https://t.co/dfy78y99w3"
152,0.8398,Wed Dec 27 07:27:33 +0000 2017,0.64,0.0,0.36,@CBS,here's to the 2017 kennedy center honorees! catch up on an evening of stunning performances and inspiring speeches… https://t.co/jgfanpscul
153,0.8221,Wed Dec 27 04:00:52 +0000 2017,0.664,0.0,0.336,@CBS,this celebration could go all night long! what a great final performance in honor of @lionelrichie. #kchonors https://t.co/xklwpkr3v0
154,0.0,Wed Dec 27 03:59:48 +0000 2017,1.0,0.0,0.0,@CBS,rt @markaprincejr: a #lionelrichie tribute is not complete without ?all night long? ? #kchonors
155,0.8271,Wed Dec 27 03:36:01 +0000 2017,0.58,0.0,0.42,@CBS,carmen de lavallade (@carmendances) got emotional during those beautiful performances in her honor. congratulations… https://t.co/gocazpzdpt
156,0.0,Wed Dec 27 03:03:49 +0000 2017,1.0,0.0,0.0,@CBS,rt @llcoolj: attn: #hiphop !!!! we made history!! #kchonors
157,0.5255,Wed Dec 27 03:03:26 +0000 2017,0.78,0.0,0.22,@CBS,.@llcoolj is making history! he’s the kennedy center’s first hip-hop honoree. #kchonors https://t.co/kcqkodujtu
158,0.7096,Wed Dec 27 02:57:56 +0000 2017,0.753,0.0,0.247,@CBS,rt @erinanncullen: #kchonors is always a night of inspiration. thank you to these artists for your impact on our country. ???????
159,0.7345,Wed Dec 27 02:48:52 +0000 2017,0.64,0.0,0.36,@CBS,give a round of applause to television pioneer and 2017 honoree @thenormanlear! #kchonors https://t.co/20uosf987x
160,0.6124,Wed Dec 27 02:45:34 +0000 2017,0.826,0.0,0.174,@CBS,rt @alil: this tribute to norman lear on #kchonors is outstanding and a walk down my childhood tv memory lane. ???
161,0.3699,Wed Dec 27 02:28:07 +0000 2017,0.702,0.0,0.298,@CBS,rt @llcoolj: moments i’ll never forget!!! #kchonors
162,0.8748,Wed Dec 27 02:26:46 +0000 2017,0.474,0.0,0.526,@CBS,.@gloriaestefan approves of those amazing musical performances in her honor! #kchonors https://t.co/i3evyeokrx
163,0.9601,Wed Dec 27 02:20:11 +0000 2017,0.434,0.0,0.566,@CBS,rt @thepickypantry: beautiful tribute to @gloriaestefan on the kennedy center honors. love mi tierra! amazing and inspiring what a fighter…
164,0.8908,Wed Dec 27 02:00:29 +0000 2017,0.654,0.0,0.346,@CBS,time to celebrate the 2017 honorees at the 40th annual kennedy center honors! tune in now on cbs and cbs all access… https://t.co/1oulmpcfpy
165,0.0,Wed Dec 27 01:08:32 +0000 2017,1.0,0.0,0.0,@CBS,"tonight, @lionelrichie, @llcoolj, @gloriaestefan, @thenormanlear &amp; carmen de lavallade will be recognized at the 40… https://t.co/jzjqno8h3b"
166,0.2415,Tue Dec 26 12:00:01 +0000 2017,0.61,0.173,0.218,@CBS,"don't miss the breathtaking performances, standing ovations and moving tributes that will leave you inspired. here'… https://t.co/imila52fjz"
167,0.5106,Mon Dec 25 12:00:05 +0000 2017,0.809,0.0,0.191,@CBS,"experience the performances and the memories when 2017 honorees @lionelrichie, @gloriaestefan, carmen de lavallade,… https://t.co/ygbqasvl7t"
168,-0.2263,Mon Dec 25 00:48:24 +0000 2017,0.899,0.101,0.0,@CBS,"due to nfl overrun cbs is delayed 36mins in charlotte/nc, cincinnati/oh, nashville, atlanta, new orleans, baton rou… https://t.co/20mnbahptm"
169,0.7574,Sun Dec 24 20:40:42 +0000 2017,0.711,0.0,0.289,@CBS,"tonight, get together and enjoy christmas eve with a two-hour marathon of your favorite classic sitcoms! watch the… https://t.co/scv8tjy9yp"
170,0.7974,Sun Dec 24 14:17:43 +0000 2017,0.727,0.0,0.273,@CBS,get ready for football! stream nfl on cbs today with #cbsallaccess. try 1 month free with promo code binge! (not av… https://t.co/6mr4brr5ey
171,0.0,Sun Dec 24 12:30:02 +0000 2017,1.0,0.0,0.0,@CBS,"all in the family star @robreiner gives props to legendary television writer, producer and 2017 kennedy center hono… https://t.co/98jc5i63ze"
172,0.0,Sat Dec 23 16:21:17 +0000 2017,1.0,0.0,0.0,@CBS,"rapper @bustarhymes pays tribute to @llcoolj, performing his hit song ""mama said knock you out"" at the 40th annual… https://t.co/crjqaruqwd"
173,0.8236,Sat Dec 23 15:00:02 +0000 2017,0.714,0.0,0.286,@CBS,"oh, what fun it is to stream! start a 1-month free trial of #cbsallaccess now. use promo code binge by 1/2:… https://t.co/rsandjdgbi"
174,0.7712,Sat Dec 23 12:37:04 +0000 2017,0.645,0.0,0.355,@CBS,cbs stars are glowing with holiday spirit! see how the stars are getting festive this season:… https://t.co/7qythoxfic
175,0.743,Sat Dec 23 07:24:44 +0000 2017,0.583,0.107,0.311,@CBS,spread some holiday cheer and laugh along with dick van dyke and mary tyler moore in two back-to-back episodes of t… https://t.co/n89joyvxzw
176,0.8687,Sat Dec 23 06:39:45 +0000 2017,0.635,0.0,0.365,@CBS,come home for the holidays with lucy and ricky in the i love lucy christmas special! stream the full show:… https://t.co/s7f9mjeter
177,-0.1531,Sat Dec 23 01:38:37 +0000 2017,0.769,0.127,0.104,@CBS,"tonight at 9/8c, gather the family for two hilarious episodes of this classic sitcom in the dick van dyke show- now… https://t.co/ycyecvr2nn"
178,0.9422,Sat Dec 23 00:39:52 +0000 2017,0.531,0.0,0.469,@CBS,get ready to laugh in the holidays tonight with lucy and the gang in the i love lucy christmas special at 8/7c! str… https://t.co/txu2twxwog
179,0.6588,Fri Dec 22 19:35:35 +0000 2017,0.759,0.0,0.241,@CBS,"tonight, ring in the holidays with two back-to-back episodes of a timeless comedy classic, now in color! watch the… https://t.co/skjsgjdqel"
180,0.6597,Fri Dec 22 18:03:20 +0000 2017,0.722,0.0,0.278,@CBS,"groundbreaking, daring, fearless. this is cbs all access originals. 

sign up now to watch @startrekcbs,… https://t.co/kvpsjafyrn"
181,0.5255,Fri Dec 22 14:04:52 +0000 2017,0.841,0.0,0.159,@CBS,2017 honoree @llcoolj is the first hip-hop artist recognized at the #kchonors! learn more about the @ncisla star's… https://t.co/ek91kdbnpg
182,0.8718,Thu Dec 21 12:04:04 +0000 2017,0.632,0.0,0.368,@CBS,"she's at it again! tomorrow, relive lucy's hilarious antics during the i love lucy christmas special at 8/7c on cbs… https://t.co/g01uggledk"
183,0.6597,Thu Dec 21 01:04:27 +0000 2017,0.787,0.0,0.213,@CBS,"rt @survivorcbs: 6 heroes, 6 healers, 6 hustlers, but only 1 sole #survivor. ready to find out who it is? tune in to the #survivorfinale no…"
184,0.3818,Wed Dec 20 23:00:04 +0000 2017,0.843,0.0,0.157,@CBS,watch @kelly_clarkson deliver a moving performance of 'christmas eve' during a home for the holidays with… https://t.co/tacstl7vyh
185,0.743,Wed Dec 20 21:08:10 +0000 2017,0.751,0.0,0.249,@CBS,"in two days, celebrate the holidays with the gang with two back-to-back episodes of the classic sitcom during the i… https://t.co/frr8jx7mxz"
186,0.7222,Wed Dec 20 20:10:15 +0000 2017,0.719,0.0,0.281,@CBS,2017 honoree @llcoolj salutes james brown for paving the way for artists like himself. don't miss the 40th annual k… https://t.co/310wfk7eow
187,0.0,Wed Dec 20 19:31:47 +0000 2017,1.0,0.0,0.0,@CBS,singer-songwriter @joshgroban delivers a powerhouse performance while raising awareness of adoption through foster… https://t.co/fiqkjdx7ty
188,0.5423,Wed Dec 20 15:30:01 +0000 2017,0.857,0.0,0.143,@CBS,do you know all the nominees for album of the year? get familiar with this year's grammy®  award nominees ahead of… https://t.co/gynxlt3n4p
189,0.1139,Wed Dec 20 01:01:19 +0000 2017,0.941,0.0,0.059,@CBS,rt @survivorcbs: this finale is going to be unlike any ending in the history of #survivor. don't miss the finale + reunion all starting wed…
190,0.7644,Wed Dec 20 00:14:34 +0000 2017,0.708,0.0,0.292,@CBS,"this friday, gather around the tree and celebrate the holidays with lucille ball! watch two colorized back-to-back… https://t.co/4wopbms4ez"
191,0.0,Tue Dec 19 21:12:50 +0000 2017,1.0,0.0,0.0,@CBS,kevin and vanessa took a trip back in time on last night's #kevincanwait. watch the latest episode now:… https://t.co/saqblod1pg
192,0.3818,Tue Dec 19 21:00:03 +0000 2017,0.852,0.0,0.148,@CBS,"find out how to watch a home for the holidays with @joshgroban, featuring performances by @kelly_clarkson,… https://t.co/y6zrr9pigh"
193,0.5719,Tue Dec 19 15:30:04 +0000 2017,0.791,0.0,0.209,@CBS,"in one week, celebrate a night of legends when @lionelrichie, @gloriaestefan, carmen de lavallade (@carmendances),… https://t.co/u7exxb521h"
194,0.0,Tue Dec 19 14:42:58 +0000 2017,1.0,0.0,0.0,@CBS,"kick off the 60th annual #grammys with @nancyodell, @kevinfrazier &amp; @keltieknight as they go behind the scenes with… https://t.co/j6kdegv1g1"
195,0.6808,Tue Dec 19 00:39:07 +0000 2017,0.714,0.0,0.286,@CBS,"country crooner luke bryan (@lukebryanonline) honors @lionelrichie with a smooth rendition of his original song, 'p… https://t.co/xif7esukr8"
196,0.875,Mon Dec 18 22:53:34 +0000 2017,0.643,0.0,0.357,@CBS,the search is on to find the pro football player with the best off-the-field talent. vote for your favorite player… https://t.co/7uxc3sez96
197,0.8957,Mon Dec 18 21:32:25 +0000 2017,0.505,0.0,0.495,@CBS,"it's the greatest gift a family can give. celebrate adoption with superstars @joshgroban, @kelly_clarkson,… https://t.co/1wc6meugf7"
198,0.7569,Mon Dec 18 18:40:55 +0000 2017,0.712,0.0,0.288,@CBS,"mark your calendars! @ncisla star @llcoolj will host mvp: most valuable performer, a new interactive talent show to… https://t.co/s2lilav50x"
199,0.3612,Mon Jan 08 20:00:20 +0000 2018,0.865,0.0,0.135,@CNN,"h&amp;m apologizes for using a black child to model a sweatshirt with a ""coolest monkey in the jungle"" slogan… https://t.co/3lnckljr4m"
200,0.3612,Mon Jan 08 20:00:06 +0000 2018,0.857,0.0,0.143,@CNN,"with the press of a button, lg display's 65-inch screen rolls up like a yoga mat https://t.co/8ikxuog0g0 https://t.co/yupg0finkm"
201,-0.6597,Mon Jan 08 19:50:11 +0000 2018,0.804,0.196,0.0,@CNN,"just in: mitt romney was treated for prostate cancer over the summer. source says his prognosis is ""good""… https://t.co/rqjpinr0jj"
202,0.0,Mon Jan 08 19:40:06 +0000 2018,1.0,0.0,0.0,@CNN,the world's most punctual airports and airlines in 2018 revealed https://t.co/8bdoyelps8 https://t.co/7kbcoyu2kb
203,-0.0516,Mon Jan 08 19:30:07 +0000 2018,0.946,0.054,0.0,@CNN,"vice president mike pence will leave late next week for a middle east trip that will take him to egypt, jordan and… https://t.co/b01uwhpdcy"
204,0.0,Mon Jan 08 19:20:09 +0000 2018,1.0,0.0,0.0,@CNN,"this is where the jobs are, and where they're not https://t.co/6qcbwqeis6 https://t.co/fxof8dowgf"
205,0.0,Mon Jan 08 19:10:06 +0000 2018,1.0,0.0,0.0,@CNN,“i wasn't about the naysayers. i wanted to work extra hard”: how kathryn smith defied the odds and became the first… https://t.co/hpfdpgudvw
206,-0.6486,Mon Jan 08 19:00:10 +0000 2018,0.699,0.301,0.0,@CNN,64 migrants believed dead after boat sinks in mediterranean https://t.co/r0mpolqxq6 https://t.co/zvdhv20jpy
207,0.0,Mon Jan 08 18:50:11 +0000 2018,1.0,0.0,0.0,@CNN,6 times oprah stoked or shot down 2020 speculation https://t.co/a0qtkewefz https://t.co/ylr5k2syrx
208,0.0,Mon Jan 08 18:40:11 +0000 2018,1.0,0.0,0.0,@CNN,"if mitt romney wants to become utah's next senator, there's virtually nothing standing in the 2012 republican presi… https://t.co/8rekntl31h"
209,0.0,Mon Jan 08 18:30:56 +0000 2018,1.0,0.0,0.0,@CNN,"in a 1999 interview with larry king, donald trump said that his first choice for a running mate would be oprah winf… https://t.co/l5xpljn5vs"
210,0.0,Mon Jan 08 18:20:07 +0000 2018,1.0,0.0,0.0,@CNN,removing a president using the 25th amendment would require a political apocalypse | analysis by @zbyronwolf … https://t.co/l9xru8kdsx
211,0.8126,Mon Jan 08 18:10:16 +0000 2018,0.684,0.0,0.316,@CNN,"""she knows how to win""

""i adore oprah""

here's what trump tweeted about oprah in 2012: https://t.co/unhsf2p0zi https://t.co/g5eun8bakk"
212,0.6705,Mon Jan 08 18:00:16 +0000 2018,0.718,0.0,0.282,@CNN,steve bannon knows the secret to getting back in trump's good graces | analysis by @cillizzacnn… https://t.co/admp3q4tyl
213,0.0,Mon Jan 08 17:52:25 +0000 2018,1.0,0.0,0.0,@CNN,"former independent counsel ken starr said monday it's ""probable"" that president trump will be interviewed face-to-f… https://t.co/uwg3o0rwht"
214,-0.4215,Mon Jan 08 17:41:55 +0000 2018,0.865,0.135,0.0,@CNN,"first, a “bomb cyclone” stranded some travelers at jfk airport for days. then a water main broke and flooded a bagg… https://t.co/15sydhfrj8"
215,0.6597,Mon Jan 08 17:30:04 +0000 2018,0.759,0.0,0.241,@CNN,"oprah winfrey is actively thinking about running for president in 2020, two of her close friends tell cnn… https://t.co/bpvatgk2ia"
216,0.3612,Mon Jan 08 17:20:04 +0000 2018,0.865,0.0,0.135,@CNN,"h&amp;m apologizes for using a black child to model a sweatshirt with a ""coolest monkey in the jungle"" slogan… https://t.co/0ykh8qiuiu"
217,0.0,Mon Jan 08 17:10:11 +0000 2018,1.0,0.0,0.0,@CNN,billionaire democratic megadonor tom steyer says he is not running for office in 2018 but will spend $30 million on… https://t.co/v5xdc74n9m
218,0.4404,Mon Jan 08 17:00:04 +0000 2018,0.818,0.0,0.182,@CNN,everything you need to know about tonight's college football playoff national championship https://t.co/fhsvojp9xx https://t.co/bdg4tvjg7f
219,0.3612,Mon Jan 08 20:00:20 +0000 2018,0.865,0.0,0.135,@CNN,"h&amp;m apologizes for using a black child to model a sweatshirt with a ""coolest monkey in the jungle"" slogan… https://t.co/3lnckljr4m"
220,0.3612,Mon Jan 08 20:00:06 +0000 2018,0.857,0.0,0.143,@CNN,"with the press of a button, lg display's 65-inch screen rolls up like a yoga mat https://t.co/8ikxuog0g0 https://t.co/yupg0finkm"
221,-0.6597,Mon Jan 08 19:50:11 +0000 2018,0.804,0.196,0.0,@CNN,"just in: mitt romney was treated for prostate cancer over the summer. source says his prognosis is ""good""… https://t.co/rqjpinr0jj"
222,0.0,Mon Jan 08 19:40:06 +0000 2018,1.0,0.0,0.0,@CNN,the world's most punctual airports and airlines in 2018 revealed https://t.co/8bdoyelps8 https://t.co/7kbcoyu2kb
223,-0.0516,Mon Jan 08 19:30:07 +0000 2018,0.946,0.054,0.0,@CNN,"vice president mike pence will leave late next week for a middle east trip that will take him to egypt, jordan and… https://t.co/b01uwhpdcy"
224,0.0,Mon Jan 08 19:20:09 +0000 2018,1.0,0.0,0.0,@CNN,"this is where the jobs are, and where they're not https://t.co/6qcbwqeis6 https://t.co/fxof8dowgf"
225,0.0,Mon Jan 08 19:10:06 +0000 2018,1.0,0.0,0.0,@CNN,“i wasn't about the naysayers. i wanted to work extra hard”: how kathryn smith defied the odds and became the first… https://t.co/hpfdpgudvw
226,-0.6486,Mon Jan 08 19:00:10 +0000 2018,0.699,0.301,0.0,@CNN,64 migrants believed dead after boat sinks in mediterranean https://t.co/r0mpolqxq6 https://t.co/zvdhv20jpy
227,0.0,Mon Jan 08 18:50:11 +0000 2018,1.0,0.0,0.0,@CNN,6 times oprah stoked or shot down 2020 speculation https://t.co/a0qtkewefz https://t.co/ylr5k2syrx
228,0.0,Mon Jan 08 18:40:11 +0000 2018,1.0,0.0,0.0,@CNN,"if mitt romney wants to become utah's next senator, there's virtually nothing standing in the 2012 republican presi… https://t.co/8rekntl31h"
229,0.0,Mon Jan 08 18:30:56 +0000 2018,1.0,0.0,0.0,@CNN,"in a 1999 interview with larry king, donald trump said that his first choice for a running mate would be oprah winf… https://t.co/l5xpljn5vs"
230,0.0,Mon Jan 08 18:20:07 +0000 2018,1.0,0.0,0.0,@CNN,removing a president using the 25th amendment would require a political apocalypse | analysis by @zbyronwolf … https://t.co/l9xru8kdsx
231,0.8126,Mon Jan 08 18:10:16 +0000 2018,0.684,0.0,0.316,@CNN,"""she knows how to win""

""i adore oprah""

here's what trump tweeted about oprah in 2012: https://t.co/unhsf2p0zi https://t.co/g5eun8bakk"
232,0.6705,Mon Jan 08 18:00:16 +0000 2018,0.718,0.0,0.282,@CNN,steve bannon knows the secret to getting back in trump's good graces | analysis by @cillizzacnn… https://t.co/admp3q4tyl
233,0.0,Mon Jan 08 17:52:25 +0000 2018,1.0,0.0,0.0,@CNN,"former independent counsel ken starr said monday it's ""probable"" that president trump will be interviewed face-to-f… https://t.co/uwg3o0rwht"
234,-0.4215,Mon Jan 08 17:41:55 +0000 2018,0.865,0.135,0.0,@CNN,"first, a “bomb cyclone” stranded some travelers at jfk airport for days. then a water main broke and flooded a bagg… https://t.co/15sydhfrj8"
235,0.6597,Mon Jan 08 17:30:04 +0000 2018,0.759,0.0,0.241,@CNN,"oprah winfrey is actively thinking about running for president in 2020, two of her close friends tell cnn… https://t.co/bpvatgk2ia"
236,0.3612,Mon Jan 08 17:20:04 +0000 2018,0.865,0.0,0.135,@CNN,"h&amp;m apologizes for using a black child to model a sweatshirt with a ""coolest monkey in the jungle"" slogan… https://t.co/0ykh8qiuiu"
237,0.0,Mon Jan 08 17:10:11 +0000 2018,1.0,0.0,0.0,@CNN,billionaire democratic megadonor tom steyer says he is not running for office in 2018 but will spend $30 million on… https://t.co/v5xdc74n9m
238,0.4404,Mon Jan 08 17:00:04 +0000 2018,0.818,0.0,0.182,@CNN,everything you need to know about tonight's college football playoff national championship https://t.co/fhsvojp9xx https://t.co/bdg4tvjg7f
239,0.0,Mon Jan 08 16:51:02 +0000 2018,1.0,0.0,0.0,@CNN,"sen. bob corker, who is traveling today on air force one with president trump, has repaired his relationship with t… https://t.co/08w6rf7ujf"
240,0.5267,Mon Jan 08 16:40:12 +0000 2018,0.638,0.0,0.362,@CNN,samantha barry named glamour editor-in-chief https://t.co/51ofih4ckf https://t.co/lqlxbv0giz
241,0.0,Mon Jan 08 16:40:12 +0000 2018,1.0,0.0,0.0,@CNN,oprah knew exactly what she was doing on sunday night | analysis by @cillizzacnn https://t.co/xjkabk5x6i https://t.co/chr4ujaghv
242,0.0,Mon Jan 08 16:30:16 +0000 2018,1.0,0.0,0.0,@CNN,"britain's princess charlotte, youngest child of the duke and duchess of cambridge, started nursery school on monday… https://t.co/xqncxjp0ql"
243,0.0,Mon Jan 08 16:20:10 +0000 2018,1.0,0.0,0.0,@CNN,"in a 1999 interview with larry king, donald trump said that his first choice for a running mate would be oprah winf… https://t.co/0mpszmaslr"
244,-0.7845,Mon Jan 08 16:12:47 +0000 2018,0.683,0.317,0.0,@CNN,"two people injured after a fire broke out on the roof of trump tower in new york city, authorities say… https://t.co/ljidjeyptm"
245,0.8126,Mon Jan 08 16:00:49 +0000 2018,0.684,0.0,0.316,@CNN,"""she knows how to win""

""i adore oprah""

here's what trump tweeted about oprah in 2012: https://t.co/5tipfwfnkt https://t.co/fvvhtjwdgi"
246,0.2732,Mon Jan 08 15:47:11 +0000 2018,0.89,0.0,0.11,@CNN,"the trump administration will end protections for certain nationals of el salvador, a source familiar with the deci… https://t.co/80o0zx0bad"
247,-0.5574,Mon Jan 08 15:37:42 +0000 2018,0.825,0.175,0.0,@CNN,"noaa announces 2017 was the most expensive year on record for us weather disasters, costing $306 billion… https://t.co/hsuu12ih9l"
248,0.0,Mon Jan 08 15:26:10 +0000 2018,1.0,0.0,0.0,@CNN,here's what oprah winfrey said at the golden globes last night https://t.co/5ohzo0lf7s https://t.co/92jg52kii2
249,0.6597,Mon Jan 08 15:13:17 +0000 2018,0.779,0.0,0.221,@CNN,"just in: oprah winfrey is actively thinking about running for president in 2020, two of her close friends tell cnn… https://t.co/mtofbfs1hj"
250,0.0,Mon Jan 08 14:50:34 +0000 2018,1.0,0.0,0.0,@CNN,"in the us, the rate of children injuring their eyes with air guns skyrocketed between 1990 and 2012… https://t.co/cadgllpveh"
251,0.7717,Mon Jan 08 14:36:15 +0000 2018,0.676,0.0,0.324,@CNN,stars transformed the red carpet. shows featuring women won awards. then oprah stole the show.… https://t.co/urxyckacno
252,0.0,Mon Jan 08 14:20:45 +0000 2018,1.0,0.0,0.0,@CNN,"former independent counsel ken starr said monday it's ""probable"" that president trump will be interviewed face-to-f… https://t.co/zluzopoxsl"
253,0.3612,Mon Jan 08 14:05:03 +0000 2018,0.839,0.0,0.161,@CNN,oprah's golden globes speech sounds like the start of a presidential campaign | via @brianstelter… https://t.co/mijs85yfb2
254,0.0,Mon Jan 08 13:54:42 +0000 2018,1.0,0.0,0.0,@CNN,"meet kathryn smith, the first woman to become a full-time coach in the nfl.

#bossfiles with @poppyharlowcnn: 

lis… https://t.co/w2dxx3adxg"
255,0.3612,Mon Jan 08 13:39:36 +0000 2018,0.865,0.0,0.135,@CNN,"h&amp;m apologizes for using a black child to model a sweatshirt with a ""coolest monkey in the jungle"" slogan… https://t.co/y7ebbzfcj5"
256,0.34,Mon Jan 08 13:25:15 +0000 2018,0.876,0.0,0.124,@CNN,a former adviser to president trump's presidential campaign says giving author michael wolff access at the white ho… https://t.co/ekcquec7w5
257,0.1511,Mon Jan 08 13:10:04 +0000 2018,0.93,0.0,0.07,@CNN,"""i want all the girls watching here, now, to know that a new day is on the horizon!"": read oprah winfrey's rousing… https://t.co/5maxnkzr8l"
258,0.7717,Mon Jan 08 13:01:35 +0000 2018,0.705,0.0,0.295,@CNN,"stars transformed the red carpet. shows featuring women won awards. then oprah stole the show. 

the #goldenglobes… https://t.co/3mmtfjdlmj"
259,0.0,Mon Jan 08 12:50:13 +0000 2018,1.0,0.0,0.0,@CNN,"rt @newday: will president trump meet with robert mueller in the russia probe?

sen. richard blumenthal says, ""unquestionably, there has to…"
260,0.0,Mon Jan 08 12:50:02 +0000 2018,1.0,0.0,0.0,@CNN,"5 things for monday:

- #goldenglobes
- politics
- north and south korea
- las vegas shooting
- weather… https://t.co/ykrfgeq2zd"
261,0.0,Mon Jan 08 12:40:06 +0000 2018,1.0,0.0,0.0,@CNN,"president trump's physical is scheduled for friday, but it's unlikely to shed light on the president's mental fitne… https://t.co/vc7h9eofde"
262,0.4767,Mon Jan 08 12:30:03 +0000 2018,0.721,0.0,0.279,@CNN,here's the full list of #goldenglobes winners https://t.co/llzbw8gahu https://t.co/2txnmjw2kq
263,0.0,Mon Jan 08 12:20:07 +0000 2018,1.0,0.0,0.0,@CNN,congress returns this week with just eight legislative days before a possible government shutdown… https://t.co/elaav9i8fv
264,0.0,Mon Jan 08 12:10:06 +0000 2018,1.0,0.0,0.0,@CNN,"president trump has deleted a tweet citing his ""consensual presidency"" https://t.co/9fvaoy07s3 https://t.co/mk7yigsrtq"
265,0.0,Mon Jan 08 12:00:17 +0000 2018,1.0,0.0,0.0,@CNN,"""we went to church"": reactions to oprah's speech https://t.co/yhsjcnpzab https://t.co/bjbqk0pjen"
266,0.0,Mon Jan 08 11:53:05 +0000 2018,1.0,0.0,0.0,@CNN,"if mitt romney wants to become utah's next senator, there's virtually nothing standing in the 2012 republican presi… https://t.co/mcjmea9mf0"
267,-0.34,Mon Jan 08 11:52:33 +0000 2018,0.897,0.103,0.0,@CNN,"rt @newday: fmr. trump campaign adviser michael caputo on michael wolf's 'fire &amp; fury': ""this book is trash.""

cnn's @chriscuomo: ""you guys…"
268,0.0,Mon Jan 08 11:43:05 +0000 2018,1.0,0.0,0.0,@CNN,a record-breaking 22 women are now serving in the us senate https://t.co/0heto3afvb https://t.co/qx8e0zmfuc
269,0.7717,Mon Jan 08 11:34:12 +0000 2018,0.676,0.0,0.324,@CNN,stars transformed the red carpet. shows featuring women won awards. then oprah stole the show.… https://t.co/cfqfzkm3ga
270,0.0,Mon Jan 08 11:14:02 +0000 2018,1.0,0.0,0.0,@CNN,"us president donald trump has deleted a tweet citing his ""consensual presidency"" (when the actual quote called it '… https://t.co/gp7y9empr6"
271,0.1154,Mon Jan 08 11:06:07 +0000 2018,0.741,0.094,0.165,@CNN,the golden globes delivered powerful messages about and from women - but also highlighted the awkward challenge of… https://t.co/7iwhwkapzt
272,0.2023,Mon Jan 08 11:03:44 +0000 2018,0.752,0.106,0.142,@CNN,"""there's only one viewer you care about,"" cnn's jake tapper tells trump aide stephen miller during fiery interview… https://t.co/thqffgsme3"
273,0.4767,Mon Jan 08 10:58:09 +0000 2018,0.744,0.0,0.256,@CNN,the complete list of all the #goldenglobes winners. https://t.co/zvfjdbjbto https://t.co/8a9qztfy9d
274,0.0,Mon Jan 08 10:48:07 +0000 2018,1.0,0.0,0.0,@CNN,"in the us, the rate of children injuring their eyes with air guns skyrocketed between 1990 and 2012 https://t.co/1ijoezm2bi"
275,0.0,Mon Jan 08 10:45:11 +0000 2018,1.0,0.0,0.0,@CNN,barack obama will be the first guest on david letterman's new netflix show https://t.co/tmvxl0b7jx https://t.co/0dlwyjdcno
276,-0.6124,Mon Jan 08 10:39:59 +0000 2018,0.84,0.16,0.0,@CNN,"after a brutally cold weekend in the us, nearly 83 million people across the midwest and parts of the south east ar… https://t.co/l6vpm2ltn7"
277,0.4767,Mon Jan 08 10:30:25 +0000 2018,0.687,0.0,0.313,@CNN,comedian stephen colbert extends trump satire into animated realm https://t.co/dd3dxw1aur https://t.co/kwng1qeaf9
278,0.765,Mon Jan 08 10:15:19 +0000 2018,0.68,0.0,0.32,@CNN,trump's first-year jobs record was strong. just not as strong as obama's last year. https://t.co/pmic4s7ogh https://t.co/sc4pzjtj5p
279,-0.7269,Mon Jan 08 10:00:29 +0000 2018,0.621,0.379,0.0,@CNN,"""fire and fury"" publisher is rushing to print more books https://t.co/vkbsvezp4a https://t.co/dlxpwi0e0s"
280,0.765,Mon Jan 08 09:45:11 +0000 2018,0.68,0.0,0.32,@CNN,trump's first-year jobs record was strong. just not as strong as obama's last year. https://t.co/hj8or1hljk https://t.co/51otzhadxq
281,-0.34,Mon Jan 08 09:32:13 +0000 2018,0.876,0.124,0.0,@CNN,"during a fiery interview with cnn's jake tapper?, white house senior policy adviser stephen miller called former wh… https://t.co/8cntgw132x"
282,0.5267,Mon Jan 08 09:15:04 +0000 2018,0.703,0.082,0.215,@CNN,"jetblue says it's handing out $21 million worth of bonuses to employees because of the corporate tax cut. all 21,00… https://t.co/eccur8civc"
283,0.5267,Mon Jan 08 09:00:29 +0000 2018,0.703,0.082,0.215,@CNN,"jetblue says it's handing out $21 million worth of bonuses to employees because of the corporate tax cut. all 21,00… https://t.co/08koq5d9je"
284,0.0,Mon Jan 08 08:57:05 +0000 2018,1.0,0.0,0.0,@CNN,"spacex kicked off the new year with a mystery-shrouded mission to deliver a government spacecraft, called zuma, int… https://t.co/uputsc0b7j"
285,-0.5423,Mon Jan 08 08:51:11 +0000 2018,0.83,0.17,0.0,@CNN,an oil tanker that collided with a freight ship off the east coast of china was still on fire monday and at risk of… https://t.co/zjyxalkwxk
286,0.4767,Mon Jan 08 08:50:04 +0000 2018,0.744,0.0,0.256,@CNN,the complete list of all the #goldenglobes winners. https://t.co/upt6yixgr6 https://t.co/xp1bzlqkli
287,0.3182,Mon Jan 08 08:45:04 +0000 2018,0.859,0.0,0.141,@CNN,"federal authorities are actively investigating allegations of corruption related to the clinton foundation, accordi… https://t.co/dl7yax9yjb"
288,0.0,Mon Jan 08 08:30:11 +0000 2018,1.0,0.0,0.0,@CNN,a record-breaking 22 women are now serving in the us senate https://t.co/3jsa1g2og9 https://t.co/owxu1244nf
289,0.4215,Mon Jan 08 08:30:03 +0000 2018,0.763,0.0,0.237,@CNN,women take center stage at powerful #goldenglobes ceremony https://t.co/tn9fucv2ye https://t.co/jxywi8jer1
290,0.5423,Mon Jan 08 08:25:07 +0000 2018,0.844,0.0,0.156,@CNN,oprah winfrey became the first black woman to receive the cecil b. demille award at the #goldenglobes and accepted… https://t.co/dcxq0uksnf
291,-0.25,Mon Jan 08 08:19:12 +0000 2018,0.895,0.105,0.0,@CNN,"one of the bbc's most senior international journalists has resigned her post, slamming the news organization's ""sec… https://t.co/rtivql6ira"
292,0.3182,Mon Jan 08 08:15:07 +0000 2018,0.732,0.0,0.268,@CNN,exclusive: top pence aides quietly depart in new year https://t.co/zhjwas2l5z https://t.co/a3r21sneyg
293,-0.6859,Mon Jan 08 08:01:02 +0000 2018,0.78,0.22,0.0,@CNN,"""donald trump is a very dangerous man. he does not belong in the presidency. ... i'm not going to support any membe… https://t.co/pnwjuqgtoa"
294,-0.5267,Mon Jan 08 07:45:10 +0000 2018,0.703,0.215,0.082,@CNN,"black unemployment is at its lowest point on record, yet it's still well above the jobless rate for white, hispanic… https://t.co/thaz7iques"
295,0.0,Mon Jan 08 07:30:18 +0000 2018,1.0,0.0,0.0,@CNN,"oprah winfrey may have squashed speculation of a potential presidential bid in 2020, but #goldenglobes host seth me… https://t.co/1kwj1j6ahb"
296,-0.6124,Mon Jan 08 07:30:10 +0000 2018,0.688,0.312,0.0,@CNN,iceland just made it illegal to pay women less than men https://t.co/odq6r5aeec https://t.co/7evwtrdywy
297,0.0,Mon Jan 08 07:15:21 +0000 2018,1.0,0.0,0.0,@CNN,cold weather in florida has caused frozen iguanas to fall from trees https://t.co/aaksdz0gsk https://t.co/wbbdiyaepg
298,-0.3182,Mon Jan 08 07:00:20 +0000 2018,0.892,0.108,0.0,@CNN,pope francis is having cards printed and distributed showing a 1945 photo of victims of the nuclear bombing of naga… https://t.co/zmqhx35dod
299,0.0,Mon Jan 08 11:00:58 +0000 2018,1.0,0.0,0.0,@Fox,"@mountain_ghosts a bunch of repos on github and random tweets, mostly."
300,0.7003,Mon Jan 08 10:20:35 +0000 2018,0.755,0.0,0.245,@Fox,"rt @jesslynnrose: want to share your ideas with the world?

i'm running a free webinar series on public speaking, aimed at getting you on s…"
301,-0.3818,Mon Jan 08 09:52:20 +0000 2018,0.708,0.181,0.111,@Fox,"?

“white privilege is an absence of cultural expectations, an absence of violence enacted on your ancestors becaus… https://t.co/kjkijnwwhz"
302,0.1531,Mon Jan 08 09:41:04 +0000 2018,0.929,0.0,0.071,@Fox,"“we placate ourselves with the fallacy of meritocracy by insisting that we just don’t see race.

to claim to not se… https://t.co/l54ttwldng"
303,0.0,Mon Jan 08 07:22:13 +0000 2018,1.0,0.0,0.0,@Fox,"squad goals—natalie portman.

https://t.co/tqh3f728sj"
304,0.296,Mon Jan 08 05:11:05 +0000 2018,0.901,0.0,0.099,@Fox,"@web_goddess yep, the cost depends on the amount of tickets. we also have to find people to cover childcare + live… https://t.co/xvm6lpxqbg"
305,0.3182,Mon Jan 08 05:08:00 +0000 2018,0.909,0.0,0.091,@Fox,"“for too long women have not been heard or believed if they dared to speak the truth to power. 

the time of brutal… https://t.co/zjh4q1rkzq"
306,0.802,Mon Jan 08 05:04:22 +0000 2018,0.455,0.0,0.545,@Fox,@butwhoiskat email is best :) hi at thefox.is.
307,0.0,Sun Jan 07 23:36:57 +0000 2018,1.0,0.0,0.0,@Fox,@callmevlad what i mean is that organisations don’t recognise community work as “valuable experience” outside of re… https://t.co/1atdscbocn
308,-0.296,Sun Jan 07 23:17:28 +0000 2018,0.476,0.524,0.0,@Fox,stop whitewashing diversity.
309,0.636,Sun Jan 07 23:17:08 +0000 2018,0.193,0.0,0.807,@Fox,@mylesborins congratulations! ?
310,-0.6478,Sun Jan 07 23:15:04 +0000 2018,0.763,0.237,0.0,@Fox,"what really annoys me is no companies recognising community work while here i am doing product, sales, design, deve… https://t.co/47oqlduqux"
311,-0.5707,Sun Jan 07 23:06:14 +0000 2018,0.39,0.61,0.0,@Fox,"@maybekatz no bras, no masters!"
312,0.5267,Sun Jan 07 22:06:10 +0000 2018,0.708,0.066,0.226,@Fox,"@web_goddess yep, there’s nothing here for senior staff. i wouldn’t look for opportunities in australia. the pay is… https://t.co/vd7wdv6qzf"
313,-0.2862,Sun Jan 07 21:27:38 +0000 2018,0.745,0.153,0.102,@Fox,"it’s deeply saddening to see very little to zero commitment to progressing the tech industry, especially from tech giants."
314,0.6486,Sun Jan 07 21:23:06 +0000 2018,0.762,0.0,0.238,@Fox,to make it clear: the support for jsconf and cssconf australia diversity programs comes from a few smaller australi… https://t.co/p4ooemtijl
315,0.0,Sun Jan 07 06:04:08 +0000 2018,1.0,0.0,0.0,@Fox,i’ve spent a little bit of time with my photo backlog today and decided to publish a few selected shots to… https://t.co/erhjfvffzs
316,0.8122,Sun Jan 07 04:16:20 +0000 2018,0.682,0.0,0.318,@Fox,"@unsplash ????? that makes sense, thank you! 

probably good idea to add it somewhere to the help section as i coul… https://t.co/wwyzek5lew"
317,0.0,Sun Jan 07 04:10:19 +0000 2018,1.0,0.0,0.0,@Fox,"rt @lilyevansmfc: why some women are ""rude"" or ""cold"" or ""standoffish"" to men in public: a thread"
318,0.4754,Sun Jan 07 03:59:03 +0000 2018,0.655,0.116,0.229,@Fox,"rt @veryann0yed: reasons to hit the gym that aren’t patriarchal beauty standards:
- outrun the cops
- outlive ur enemies
- more stamina for…"
319,0.0,Mon Jan 08 11:00:58 +0000 2018,1.0,0.0,0.0,@Fox,"@mountain_ghosts a bunch of repos on github and random tweets, mostly."
320,0.7003,Mon Jan 08 10:20:35 +0000 2018,0.755,0.0,0.245,@Fox,"rt @jesslynnrose: want to share your ideas with the world?

i'm running a free webinar series on public speaking, aimed at getting you on s…"
321,-0.3818,Mon Jan 08 09:52:20 +0000 2018,0.708,0.181,0.111,@Fox,"?

“white privilege is an absence of cultural expectations, an absence of violence enacted on your ancestors becaus… https://t.co/kjkijnwwhz"
322,0.1531,Mon Jan 08 09:41:04 +0000 2018,0.929,0.0,0.071,@Fox,"“we placate ourselves with the fallacy of meritocracy by insisting that we just don’t see race.

to claim to not se… https://t.co/l54ttwldng"
323,0.0,Mon Jan 08 07:22:13 +0000 2018,1.0,0.0,0.0,@Fox,"squad goals—natalie portman.

https://t.co/tqh3f728sj"
324,0.296,Mon Jan 08 05:11:05 +0000 2018,0.901,0.0,0.099,@Fox,"@web_goddess yep, the cost depends on the amount of tickets. we also have to find people to cover childcare + live… https://t.co/xvm6lpxqbg"
325,0.3182,Mon Jan 08 05:08:00 +0000 2018,0.909,0.0,0.091,@Fox,"“for too long women have not been heard or believed if they dared to speak the truth to power. 

the time of brutal… https://t.co/zjh4q1rkzq"
326,0.802,Mon Jan 08 05:04:22 +0000 2018,0.455,0.0,0.545,@Fox,@butwhoiskat email is best :) hi at thefox.is.
327,0.0,Sun Jan 07 23:36:57 +0000 2018,1.0,0.0,0.0,@Fox,@callmevlad what i mean is that organisations don’t recognise community work as “valuable experience” outside of re… https://t.co/1atdscbocn
328,-0.296,Sun Jan 07 23:17:28 +0000 2018,0.476,0.524,0.0,@Fox,stop whitewashing diversity.
329,0.636,Sun Jan 07 23:17:08 +0000 2018,0.193,0.0,0.807,@Fox,@mylesborins congratulations! ?
330,-0.6478,Sun Jan 07 23:15:04 +0000 2018,0.763,0.237,0.0,@Fox,"what really annoys me is no companies recognising community work while here i am doing product, sales, design, deve… https://t.co/47oqlduqux"
331,-0.5707,Sun Jan 07 23:06:14 +0000 2018,0.39,0.61,0.0,@Fox,"@maybekatz no bras, no masters!"
332,0.5267,Sun Jan 07 22:06:10 +0000 2018,0.708,0.066,0.226,@Fox,"@web_goddess yep, there’s nothing here for senior staff. i wouldn’t look for opportunities in australia. the pay is… https://t.co/vd7wdv6qzf"
333,-0.2862,Sun Jan 07 21:27:38 +0000 2018,0.745,0.153,0.102,@Fox,"it’s deeply saddening to see very little to zero commitment to progressing the tech industry, especially from tech giants."
334,0.6486,Sun Jan 07 21:23:06 +0000 2018,0.762,0.0,0.238,@Fox,to make it clear: the support for jsconf and cssconf australia diversity programs comes from a few smaller australi… https://t.co/p4ooemtijl
335,0.0,Sun Jan 07 06:04:08 +0000 2018,1.0,0.0,0.0,@Fox,i’ve spent a little bit of time with my photo backlog today and decided to publish a few selected shots to… https://t.co/erhjfvffzs
336,0.8122,Sun Jan 07 04:16:20 +0000 2018,0.682,0.0,0.318,@Fox,"@unsplash ????? that makes sense, thank you! 

probably good idea to add it somewhere to the help section as i coul… https://t.co/wwyzek5lew"
337,0.0,Sun Jan 07 04:10:19 +0000 2018,1.0,0.0,0.0,@Fox,"rt @lilyevansmfc: why some women are ""rude"" or ""cold"" or ""standoffish"" to men in public: a thread"
338,0.4754,Sun Jan 07 03:59:03 +0000 2018,0.655,0.116,0.229,@Fox,"rt @veryann0yed: reasons to hit the gym that aren’t patriarchal beauty standards:
- outrun the cops
- outlive ur enemies
- more stamina for…"
339,0.0772,Sun Jan 07 01:41:59 +0000 2018,0.642,0.195,0.163,@Fox,"@unsplash ? are uploads limited in quantity? i can find the limit in the ui, but no help articles."
340,0.6369,Sat Jan 06 22:42:50 +0000 2018,0.826,0.0,0.174,@Fox,@emilygorcenski this reminds me of the best sign i’ve seen at a pharmacy in australia. must be in the men’s section. https://t.co/vdkv6hxbil
341,0.0,Sat Jan 06 22:29:07 +0000 2018,1.0,0.0,0.0,@Fox,went to see jungle for the second time yesterday. first row. ? (iphone x) https://t.co/wtd2cq8jjq
342,0.0,Sat Jan 06 22:24:27 +0000 2018,1.0,0.0,0.0,@Fox,@anubhamane ??
343,0.0,Sat Jan 06 22:24:22 +0000 2018,1.0,0.0,0.0,@Fox,"rt @anubhamane: followong the tips given by @fox , this time i didn't copy but myself wrote code of conduct for an upcoming python event. t…"
344,-0.8957,Fri Jan 05 23:47:14 +0000 2018,0.458,0.448,0.095,@Fox,"finally @jack confirms that “world leaders” can freely incite violence, harass and abuse on twitter because no rule… https://t.co/vp8os6igoo"
345,0.0,Fri Jan 05 21:43:52 +0000 2018,1.0,0.0,0.0,@Fox,@shpigford doesn’t have cables would probably yield millions too.
346,0.6808,Fri Jan 05 21:43:06 +0000 2018,0.704,0.049,0.246,@Fox,"rt @frameshiftllc: ask me about giving this talk at your tech company, on how it can implement the paradox of tolerance while valuing free…"
347,0.0,Fri Jan 05 21:42:45 +0000 2018,1.0,0.0,0.0,@Fox,@waferbaby dan you should know how to australia properly
348,0.0,Fri Jan 05 21:41:49 +0000 2018,1.0,0.0,0.0,@Fox,rt @mspowahs: pictured: the difference between diversity and inclusion https://t.co/7lnrn04mhc
349,0.0,Fri Jan 05 20:34:32 +0000 2018,1.0,0.0,0.0,@Fox,rt @mspowahs: trans femgineer culture is having to email the organizers of all the women who ______ events to specifically verify trans inc…
350,0.4588,Fri Jan 05 20:25:36 +0000 2018,0.824,0.0,0.176,@Fox,@bitandbang ?? i’ve seen it around. i’ll have a look once be cfp is out. :)
351,0.8399,Fri Jan 05 20:24:49 +0000 2018,0.667,0.0,0.333,@Fox,@lsmith the changes were dropped. i’m happy with it as i have very supportive patrons. it’s nice to have some rewar… https://t.co/aytblwqcdg
352,0.0,Fri Jan 05 09:44:04 +0000 2018,1.0,0.0,0.0,@Fox,@lsmith not yet.
353,0.4019,Fri Jan 05 05:56:56 +0000 2018,0.886,0.0,0.114,@Fox,"@asher_wolf do you maybe know any orgs who would help or could you aid in spreading the word to aussies? ?? 

https://t.co/vbgv6k7bow"
354,0.8705,Fri Jan 05 05:15:16 +0000 2018,0.659,0.0,0.341,@Fox,"we’re able to welcome ~25 people at this moment, but would love to extend an invitation to all of the participants.… https://t.co/exebivbydg"
355,0.4574,Fri Jan 05 05:09:23 +0000 2018,0.87,0.0,0.13,@Fox,if you know or run a company in australia (or anywhere!) that could help us send 62 people from underrepresented gr… https://t.co/pp59rvfvfr
356,0.4939,Fri Jan 05 05:02:08 +0000 2018,0.833,0.0,0.167,@Fox,"if you want to have a real impact and lives of underrepresented groups, here’s a good way to do it. dm or email. (t… https://t.co/irkxhrlsfw"
357,0.4767,Fri Jan 05 03:17:43 +0000 2018,0.838,0.0,0.162,@Fox,"hi friends ?? i’m looking to give a few talks about web performance, front-end and industry culture/ethics/inclusio… https://t.co/a4lsrctigo"
358,0.5081,Fri Jan 05 02:40:13 +0000 2018,0.838,0.0,0.162,@Fox,"@trentwalton ohhh, that’s really interesting to me! 

that’s exactly why we’ve built in javascript timing metrics i… https://t.co/zhtfl9mkty"
359,0.25,Fri Jan 05 02:33:30 +0000 2018,0.895,0.0,0.105,@Fox,? we’ve just released 12 new regions for testing performance in @calibreapp so you can implement a comprehensive pe… https://t.co/y9foukxkix
360,0.6705,Fri Jan 05 00:27:18 +0000 2018,0.792,0.0,0.208,@Fox,"rt @jesslynnrose: do your resolutions include getting up on stage to share your ideas with the world?

i'm running a series of 4 free webin…"
361,0.3875,Fri Jan 05 00:10:05 +0000 2018,0.873,0.0,0.127,@Fox,"hey @belugacdn, you know it’s not on to steal copyrighted photography for your marketing, right? take this down.

https://t.co/ixrsub6ke1"
362,0.4019,Fri Jan 05 00:02:19 +0000 2018,0.886,0.0,0.114,@Fox,published an interesting article or a talk about web performance within the last month? hit me up so i can put it i… https://t.co/l6sgn6rukb
363,0.4939,Thu Jan 04 23:26:27 +0000 2018,0.833,0.0,0.167,@Fox,"rt @compassioncode: what exactly is a compassionate workplace?

there's common ground here, regardless of sector.

graphic from https://t.c…"
364,0.7717,Thu Jan 04 23:01:12 +0000 2018,0.66,0.0,0.34,@Fox,@sw @mbrianaepler i’m happy to follow the process. i’ll apply as everyone else does. :)
365,0.0,Thu Jan 04 22:41:04 +0000 2018,1.0,0.0,0.0,@Fox,@jyhsu it was incredibly liberating to learn that. so many times i get an email with “please give me advice” or mul… https://t.co/mqlwah9ssu
366,0.7901,Thu Jan 04 22:34:20 +0000 2018,0.742,0.0,0.258,@Fox,"rt @selfwchronicles: it's easy to feel like we owe everyone around us something, truth is, we don't. turn that roi back to you! ? and for y…"
367,-0.34,Thu Jan 04 22:24:24 +0000 2018,0.764,0.142,0.094,@Fox,"rt @justkelly_ok: if you're a woman in crisis, don't use paypal to solicit donations to help. they aren't letting me access the money in my…"
368,0.1511,Thu Jan 04 21:54:43 +0000 2018,0.8,0.088,0.112,@Fox,@mbrianaepler thank you for the link! i had no idea you were even looking for speakers. i’ve been doing d&amp;i for a w… https://t.co/8cqcsp0jhx
369,0.4926,Thu Jan 04 21:53:35 +0000 2018,0.868,0.0,0.132,@Fox,"@mbrianaepler hey, i’ve had a look at previous lineups and they look good! it’s just that the event is very soon an… https://t.co/cvj9pmixwe"
370,0.1531,Thu Jan 04 15:08:58 +0000 2018,0.909,0.0,0.091,@Fox,"icymi: i’ve written my #2018liberation list. 

to a lot of thankless emotional, professional labour at the expense… https://t.co/yuic9auf6w"
371,0.8883,Thu Jan 04 09:33:58 +0000 2018,0.604,0.0,0.396,@Fox,"one of the best thing ever is having a network of supportive, completely amazing women and other urms around you.

?"
372,0.3723,Thu Jan 04 09:31:57 +0000 2018,0.619,0.142,0.238,@Fox,"@catehstn i was very angry writing this, but i guess now i feel better.

???????"
373,0.4019,Thu Jan 04 09:21:07 +0000 2018,0.722,0.0,0.278,@Fox,"@anialdam i’ve stepped down, accordingly to my values."
374,0.8126,Thu Jan 04 09:19:15 +0000 2018,0.56,0.082,0.358,@Fox,"thanks for the inspiration to @catehstn and @ekp, i’ve just published my #2018liberation list.

no to free emotiona… https://t.co/1dxyuvyfue"
375,0.7845,Thu Jan 04 08:51:38 +0000 2018,0.717,0.0,0.283,@Fox,"rt @aedison: “sure, diversity is important, but what about diversity of ideas? like the idea that chancers like me should have a voice even…"
376,0.0,Thu Jan 04 08:51:26 +0000 2018,1.0,0.0,0.0,@Fox,go iceland! https://t.co/4mk0q7xa6f
377,0.3612,Thu Jan 04 07:39:37 +0000 2018,0.667,0.0,0.333,@Fox,@coryannj can’t like this enough. *lolsob*
378,0.0762,Thu Jan 04 07:22:25 +0000 2018,0.929,0.0,0.071,@Fox,"@coryannj @launchvic @techinclusionco same. firstly, i’m not going to pay for an event without a lineup (that i’ve… https://t.co/zmvs6jklba"
379,-0.7818,Thu Jan 04 07:14:33 +0000 2018,0.724,0.276,0.0,@Fox,"i’m so frustrated and tired by the treatment towards urms in the industry.

sitting down with cheese, quince paste… https://t.co/apae4b2bex"
380,0.0516,Thu Jan 04 07:10:00 +0000 2018,0.714,0.137,0.148,@Fox,"@coryannj @launchvic @techinclusionco oh, the classic launchvic and startupvic ignore move. not promising, as usual."
381,0.6249,Thu Jan 04 07:05:54 +0000 2018,0.423,0.0,0.577,@Fox,@_satelliteeyes awesome list ??
382,0.5994,Thu Jan 04 07:03:41 +0000 2018,0.786,0.0,0.214,@Fox,sit on it for a second to realize that it’s an unwarranted ask for free emotional labor and professional expertise… https://t.co/qano9hv1vh
383,0.0772,Thu Jan 04 07:01:28 +0000 2018,0.936,0.0,0.064,@Fox,what i want people to finally understand is that asking underrepresented groups to fix or advise on diversity and i… https://t.co/dqelqy1lu3
384,-0.5563,Thu Jan 04 06:57:51 +0000 2018,0.807,0.193,0.0,@Fox,"rt @aprilwensel: the term ""girls"" infantilizes adult women and is particularly damaging in a professional context. https://t.co/7w0xs6uebp…"
385,0.7964,Thu Jan 04 05:22:15 +0000 2018,0.677,0.0,0.323,@Fox,"help women, people of color, people with disabilities and lgbtqi get hired. help them speak at conferences. help th… https://t.co/iushxjpfps"
386,0.3274,Thu Jan 04 05:20:52 +0000 2018,0.914,0.0,0.086,@Fox,rt @angieg0nzalez: hi friends! my name is angie. i work as a qa intern at a company in socal but im looking to transition to web dev in the…
387,0.0,Thu Jan 04 04:59:07 +0000 2018,1.0,0.0,0.0,@Fox,@callmevlad ?
388,0.0,Thu Jan 04 04:40:12 +0000 2018,1.0,0.0,0.0,@Fox,"but... who’s speaking @launchvic, @techinclusionco? how’s the community included? https://t.co/9o5zimu53x"
389,0.8771,Thu Jan 04 04:19:05 +0000 2018,0.628,0.0,0.372,@Fox,"really happy with our @jsconfau lineup this year. 

look at those wonderful, diverse faces so far. warms my heart. https://t.co/rit7nmndsm"
390,0.0258,Thu Jan 04 04:15:40 +0000 2018,0.783,0.106,0.111,@Fox,just dropped out of a conference that’d probably bring me professional and monetary gains due to lack of diversity.… https://t.co/ys8mg4khhk
391,0.4199,Thu Jan 04 03:48:19 +0000 2018,0.859,0.0,0.141,@Fox,"thank you for mentioning my state of the web article in 2018 front-end performance checklist, @smashingmag! ??

https://t.co/cougdoguye"
392,0.9364,Thu Jan 04 02:39:32 +0000 2018,0.459,0.0,0.541,@Fox,"@mandy_kerr haha, there are far better specialists, but thank you! ?

hope you’ll find a bunch of helpful tips there!"
393,0.0,Thu Jan 04 02:37:22 +0000 2018,1.0,0.0,0.0,@Fox,"@mandy_kerr i got u girl: https://t.co/thkijv5euo

(my thoughts plus a handful of resources.)"
394,0.3182,Thu Jan 04 02:24:39 +0000 2018,0.892,0.0,0.108,@Fox,"if you can spare a few dollars, please donate for kelly. she’s an extraordinary activist and is currently being dox… https://t.co/9xscdcvyyr"
395,0.4939,Thu Jan 04 01:07:57 +0000 2018,0.617,0.142,0.241,@Fox,"rt @justkelly_ok: ""i will be a hero for men's freedom once she gets raped and killed."" 
- alex gulakov

police need to take this seriously.…"
396,-0.296,Thu Jan 04 00:54:16 +0000 2018,0.476,0.524,0.0,@Fox,@rcgonzalezf what? no.
397,-0.7453,Thu Jan 04 00:46:53 +0000 2018,0.581,0.318,0.101,@Fox,i’m really tired of trusting people to do the right thing and then being disappointed. or forced to send recommenda… https://t.co/qnpxplnv7x
398,-0.7003,Thu Jan 04 00:42:55 +0000 2018,0.693,0.259,0.047,@Fox,rt @taylor_ortega: attn men: being suddenly scared all the time is no excuse for reduced productivity. if you’re unsure how to balance work…
399,0.0,Mon Jan 08 19:49:06 +0000 2018,1.0,0.0,0.0,@NYT,nonfiction: from ‘fire and fury’ to political firestorm. https://t.co/omdjyeuq6k
400,0.0,Mon Jan 08 19:37:06 +0000 2018,1.0,0.0,0.0,@NYT,"asia and australia edition: oprah winfrey, el salvador, iran: your tuesday briefing. https://t.co/mz116cylq5"
401,0.0,Mon Jan 08 19:35:06 +0000 2018,1.0,0.0,0.0,@NYT,golden globes 2018: the new red carpet. https://t.co/gg8bywiwrw
402,0.0,Mon Jan 08 19:34:06 +0000 2018,1.0,0.0,0.0,@NYT,the healing edge: brain surgery in 3-d: coming soon to the operating theater. https://t.co/esmisad2ps
403,-0.7845,Mon Jan 08 19:20:06 +0000 2018,0.537,0.463,0.0,@NYT,fraternity is banned from pennsylvania after student’s hazing death. https://t.co/ckcesidtw3
404,-0.3818,Mon Jan 08 19:18:06 +0000 2018,0.714,0.286,0.0,@NYT,"resignation of carrie gracie, bbc china editor, resurfaces pay row. https://t.co/ef0grylqfi"
405,-0.5106,Mon Jan 08 19:04:06 +0000 2018,0.708,0.292,0.0,@NYT,new york leaders are failing its subway riders. https://t.co/ueb4duudyo
406,0.0,Mon Jan 08 19:03:05 +0000 2018,1.0,0.0,0.0,@NYT,books of the times: ali smith’s seasonal cycle turns to a dreamy ‘winter’. https://t.co/ofwcv8ud3a
407,0.2263,Mon Jan 08 18:48:05 +0000 2018,0.629,0.157,0.214,@NYT,"wall st. struggles to gain further as healthcare, bank stocks weigh. https://t.co/whuzwonogk"
408,0.4588,Mon Jan 08 18:47:05 +0000 2018,0.61,0.134,0.256,@NYT,‘the greatest showman’ soundtrack climbs to no. 1 on the album chart. https://t.co/qdhdrjmyru
409,0.4215,Mon Jan 08 18:34:05 +0000 2018,0.797,0.0,0.203,@NYT,andy murray has hip surgery and hopes to return in june. https://t.co/jebj0ueemd
410,0.0,Mon Jan 08 18:33:05 +0000 2018,1.0,0.0,0.0,@NYT,critic’s notebook: home to hawaii in search of poke. https://t.co/ahsd5ukw9h
411,0.0,Mon Jan 08 18:16:05 +0000 2018,1.0,0.0,0.0,@NYT,the red carpet is its own economy. https://t.co/mbh21dglba
412,0.0,Mon Jan 08 18:03:05 +0000 2018,1.0,0.0,0.0,@NYT,"front burner: an opera about mexico, with a side of guacamole. https://t.co/9wuiwatemu"
413,0.34,Mon Jan 08 18:02:05 +0000 2018,0.821,0.0,0.179,@NYT,"a hoya again, patrick ewing learns value of knowing when to pivot. https://t.co/ullerqnhxx"
414,0.0,Mon Jan 08 17:51:05 +0000 2018,1.0,0.0,0.0,@NYT,"new trailer: ‘red sparrow,’ with jennifer lawrence. https://t.co/sjijnouipd"
415,-0.3818,Mon Jan 08 17:50:05 +0000 2018,0.843,0.157,0.0,@NYT,"at the golden globes, stars and their activist guests talk about why they fight. https://t.co/xrdyogybqd"
416,-0.4215,Mon Jan 08 17:49:06 +0000 2018,0.612,0.388,0.0,@NYT,the empty gesture of red carpet protest. https://t.co/51q93n6f6n
417,-0.3182,Mon Jan 08 17:47:05 +0000 2018,0.827,0.173,0.0,@NYT,trilobites: this worm evolved self-fertilization and lost a quarter of its dna. https://t.co/gf2wdp43wr
418,0.3818,Mon Jan 08 17:46:05 +0000 2018,0.729,0.0,0.271,@NYT,scene city: partying after the golden globes. https://t.co/bag4edliua
419,0.0,Mon Jan 08 19:49:06 +0000 2018,1.0,0.0,0.0,@NYT,nonfiction: from ‘fire and fury’ to political firestorm. https://t.co/omdjyeuq6k
420,0.0,Mon Jan 08 19:37:06 +0000 2018,1.0,0.0,0.0,@NYT,"asia and australia edition: oprah winfrey, el salvador, iran: your tuesday briefing. https://t.co/mz116cylq5"
421,0.0,Mon Jan 08 19:35:06 +0000 2018,1.0,0.0,0.0,@NYT,golden globes 2018: the new red carpet. https://t.co/gg8bywiwrw
422,0.0,Mon Jan 08 19:34:06 +0000 2018,1.0,0.0,0.0,@NYT,the healing edge: brain surgery in 3-d: coming soon to the operating theater. https://t.co/esmisad2ps
423,-0.7845,Mon Jan 08 19:20:06 +0000 2018,0.537,0.463,0.0,@NYT,fraternity is banned from pennsylvania after student’s hazing death. https://t.co/ckcesidtw3
424,-0.3818,Mon Jan 08 19:18:06 +0000 2018,0.714,0.286,0.0,@NYT,"resignation of carrie gracie, bbc china editor, resurfaces pay row. https://t.co/ef0grylqfi"
425,-0.5106,Mon Jan 08 19:04:06 +0000 2018,0.708,0.292,0.0,@NYT,new york leaders are failing its subway riders. https://t.co/ueb4duudyo
426,0.0,Mon Jan 08 19:03:05 +0000 2018,1.0,0.0,0.0,@NYT,books of the times: ali smith’s seasonal cycle turns to a dreamy ‘winter’. https://t.co/ofwcv8ud3a
427,0.2263,Mon Jan 08 18:48:05 +0000 2018,0.629,0.157,0.214,@NYT,"wall st. struggles to gain further as healthcare, bank stocks weigh. https://t.co/whuzwonogk"
428,0.4588,Mon Jan 08 18:47:05 +0000 2018,0.61,0.134,0.256,@NYT,‘the greatest showman’ soundtrack climbs to no. 1 on the album chart. https://t.co/qdhdrjmyru
429,0.4215,Mon Jan 08 18:34:05 +0000 2018,0.797,0.0,0.203,@NYT,andy murray has hip surgery and hopes to return in june. https://t.co/jebj0ueemd
430,0.0,Mon Jan 08 18:33:05 +0000 2018,1.0,0.0,0.0,@NYT,critic’s notebook: home to hawaii in search of poke. https://t.co/ahsd5ukw9h
431,0.0,Mon Jan 08 18:16:05 +0000 2018,1.0,0.0,0.0,@NYT,the red carpet is its own economy. https://t.co/mbh21dglba
432,0.0,Mon Jan 08 18:03:05 +0000 2018,1.0,0.0,0.0,@NYT,"front burner: an opera about mexico, with a side of guacamole. https://t.co/9wuiwatemu"
433,0.34,Mon Jan 08 18:02:05 +0000 2018,0.821,0.0,0.179,@NYT,"a hoya again, patrick ewing learns value of knowing when to pivot. https://t.co/ullerqnhxx"
434,0.0,Mon Jan 08 17:51:05 +0000 2018,1.0,0.0,0.0,@NYT,"new trailer: ‘red sparrow,’ with jennifer lawrence. https://t.co/sjijnouipd"
435,-0.3818,Mon Jan 08 17:50:05 +0000 2018,0.843,0.157,0.0,@NYT,"at the golden globes, stars and their activist guests talk about why they fight. https://t.co/xrdyogybqd"
436,-0.4215,Mon Jan 08 17:49:06 +0000 2018,0.612,0.388,0.0,@NYT,the empty gesture of red carpet protest. https://t.co/51q93n6f6n
437,-0.3182,Mon Jan 08 17:47:05 +0000 2018,0.827,0.173,0.0,@NYT,trilobites: this worm evolved self-fertilization and lost a quarter of its dna. https://t.co/gf2wdp43wr
438,0.3818,Mon Jan 08 17:46:05 +0000 2018,0.729,0.0,0.271,@NYT,scene city: partying after the golden globes. https://t.co/bag4edliua
439,0.0,Mon Jan 08 17:16:05 +0000 2018,1.0,0.0,0.0,@NYT,"in africa, geneticists are hunting poachers. https://t.co/l6xvcpwyii"
440,-0.8074,Mon Jan 08 17:15:05 +0000 2018,0.383,0.464,0.153,@NYT,death penalty case heard by racist juror is reopened by supreme court. https://t.co/mlggpqpmeo
441,0.0,Mon Jan 08 17:14:05 +0000 2018,1.0,0.0,0.0,@NYT,my detox: one artist’s ‘life-changing’ morning drink. https://t.co/kzkd9tp6fj
442,0.0,Mon Jan 08 16:59:05 +0000 2018,1.0,0.0,0.0,@NYT,amway made china a billion-dollar market. now it faces a crackdown.. https://t.co/7ecdk84nvn
443,0.0,Mon Jan 08 16:45:05 +0000 2018,1.0,0.0,0.0,@NYT,"the neediest cases fund: making a home her own, and a refuge for others. https://t.co/1091cmdafa"
444,0.0,Mon Jan 08 16:44:05 +0000 2018,1.0,0.0,0.0,@NYT,what to cook: what to cook right now. https://t.co/r6awinzizx
445,-0.6239,Mon Jan 08 16:28:05 +0000 2018,0.71,0.29,0.0,@NYT,"review: in ‘unexploded ordnances,’ it’s an hour to doomsday. help!. https://t.co/as0vmj9tbx"
446,-0.5423,Mon Jan 08 15:43:05 +0000 2018,0.632,0.368,0.0,@NYT,a bad day for gopro: dealbook briefing. https://t.co/ilx0kcmvs2
447,-0.5106,Mon Jan 08 15:42:05 +0000 2018,0.769,0.231,0.0,@NYT,biodegradable bags cause outrage in italy. (it’s not really about bags.). https://t.co/we93nkvm1k
448,0.0258,Mon Jan 08 15:38:05 +0000 2018,0.458,0.268,0.275,@NYT,the best and worst of the golden globes. https://t.co/zqldfhbil1
449,0.4019,Mon Jan 08 15:13:04 +0000 2018,0.816,0.0,0.184,@NYT,horgos journal: a visa-free zone welcomes your wallet. but maybe not your beard.. https://t.co/dzrphiaqgz
450,0.0,Mon Jan 08 15:12:04 +0000 2018,1.0,0.0,0.0,@NYT,competing with the giants in race to build self-driving cars. https://t.co/gfywbkzuus
451,0.0,Mon Jan 08 15:11:05 +0000 2018,1.0,0.0,0.0,@NYT,new jersey is last state to insist at gas stations: don’t touch that pump. https://t.co/7sylewoged
452,0.0,Mon Jan 08 14:58:04 +0000 2018,1.0,0.0,0.0,@NYT,on the runway: the golden globes’ 500 shades of black: did it work?. https://t.co/mpjpso6p57
453,0.5106,Mon Jan 08 14:57:04 +0000 2018,0.708,0.0,0.292,@NYT,strong economies lift presidents. trump seems an exception.. https://t.co/smycajnaij
454,0.5267,Mon Jan 08 14:51:04 +0000 2018,0.702,0.0,0.298,@NYT,condé nast chooses a digital-first editor to run glamour. https://t.co/zyfrmwfz5f
455,-0.6249,Mon Jan 08 14:41:04 +0000 2018,0.594,0.406,0.0,@NYT,op-ed columnist: new york’s movement crisis. https://t.co/mssm7m0u5q
456,-0.296,Mon Jan 08 14:27:04 +0000 2018,0.804,0.196,0.0,@NYT,richie incognito accused of using racial slurs in game. https://t.co/ijp7j7e8aj
457,0.0,Mon Jan 08 14:26:04 +0000 2018,1.0,0.0,0.0,@NYT,52 places to go in 2018: the 52 places traveler: meet the applicants. https://t.co/lafivs84s9
458,-0.296,Mon Jan 08 14:25:04 +0000 2018,0.761,0.239,0.0,@NYT,iran’s president takes on his hard-line critics. https://t.co/3lgclt8zs4
459,0.0,Mon Jan 08 14:10:04 +0000 2018,1.0,0.0,0.0,@NYT,london men’s wear shows reflect on race and masculinity. https://t.co/g3yev36fbm
460,-0.1531,Mon Jan 08 13:54:04 +0000 2018,0.656,0.197,0.148,@NYT,minor fire breaks out near top of trump tower. https://t.co/kegkiqncgg
461,0.0,Mon Jan 08 12:53:04 +0000 2018,1.0,0.0,0.0,@NYT,theresa may starts to reshuffle u.k. cabinet. https://t.co/rmggzmsek5
462,0.0258,Mon Jan 08 12:25:04 +0000 2018,0.845,0.0,0.155,@NYT,personal health: how to prevent falls. https://t.co/a97xjukzad
463,0.0,Mon Jan 08 12:24:04 +0000 2018,1.0,0.0,0.0,@NYT,the checkup: do parents make kids fat?. https://t.co/ukibmfdsoe
464,0.8148,Mon Jan 08 12:23:04 +0000 2018,0.516,0.0,0.484,@NYT,"the new health care: a memory shortcut, with a little help from friends. https://t.co/zdd1fehbsr"
465,0.3612,Mon Jan 08 11:40:04 +0000 2018,0.8,0.0,0.2,@NYT,op-ed contributor: cybersecurity today is treated like accounting before enron. https://t.co/3vrnnbyzwz
466,0.0,Mon Jan 08 11:39:03 +0000 2018,1.0,0.0,0.0,@NYT,the stone: can we teach ourselves to believe?. https://t.co/vj71c9bxf9
467,0.0,Mon Jan 08 11:38:03 +0000 2018,1.0,0.0,0.0,@NYT,the getaway: what to expect in 2018. https://t.co/tz1noewkuh
468,0.0,Mon Jan 08 11:22:03 +0000 2018,1.0,0.0,0.0,@NYT,new york today: teaching teens the financial ropes. https://t.co/7zahfsj1um
469,0.0,Mon Jan 08 11:07:03 +0000 2018,1.0,0.0,0.0,@NYT,new york today: new york today: teaching teens the financial ropes. https://t.co/ifm75alde2
470,-0.3612,Mon Jan 08 10:52:03 +0000 2018,0.783,0.217,0.0,@NYT,iranian oil tanker in flames after collision near china. https://t.co/kle5mkxn08
471,-0.1779,Mon Jan 08 10:51:03 +0000 2018,0.841,0.159,0.0,@NYT,states confront the spread of a deadly disease in deer. https://t.co/vk9tzlojao
472,-0.7845,Mon Jan 08 10:36:03 +0000 2018,0.582,0.418,0.0,@NYT,crew missing and explosion feared on iranian oil tanker after collision near china. https://t.co/kle5mkxn08
473,0.0,Mon Jan 08 10:22:03 +0000 2018,1.0,0.0,0.0,@NYT,"nonfiction: before glitter and glue sticks, ‘craeft’. https://t.co/vpnghcxdmf"
474,0.0,Mon Jan 08 09:06:03 +0000 2018,1.0,0.0,0.0,@NYT,recognize that tune? it’s the northern accent of georgia football. https://t.co/c3ubufuezm
475,0.0,Mon Jan 08 08:20:03 +0000 2018,1.0,0.0,0.0,@NYT,#metoo moment leads at the golden globes. https://t.co/tx10joyvzz
476,0.2023,Mon Jan 08 06:51:02 +0000 2018,0.603,0.164,0.233,@NYT,op-ed contributor: will iran’s protests help the hard-liners?. https://t.co/pnywkkwvkk
477,0.0,Mon Jan 08 06:50:02 +0000 2018,1.0,0.0,0.0,@NYT,"op-ed columnist: at the golden globes, hollywood does what washington won’t. https://t.co/ijzlo5dqoi"
478,-0.3182,Mon Jan 08 06:20:02 +0000 2018,0.859,0.141,0.0,@NYT,what’s on tv monday: ‘david bowie: the last five years’ and ‘a ghost story’. https://t.co/cpntl8xxbj
479,0.25,Mon Jan 08 06:01:02 +0000 2018,0.833,0.0,0.167,@NYT,"president oprah? after the golden globes, some have a 2020 vision. https://t.co/vt2oyuewxk"
480,0.0,Mon Jan 08 05:35:02 +0000 2018,1.0,0.0,0.0,@NYT,"europe edition: stephen bannon, golden globes, angela merkel: your monday briefing. https://t.co/osorh0aqxn"
481,0.0,Mon Jan 08 05:30:02 +0000 2018,1.0,0.0,0.0,@NYT,speeches from elisabeth moss and others at the golden globes. https://t.co/bnhzhw6a4a
482,0.5423,Mon Jan 08 05:20:02 +0000 2018,0.667,0.0,0.333,@NYT,women wear the pants this awards season. https://t.co/2atujwqovz
483,0.3182,Mon Jan 08 05:08:02 +0000 2018,0.839,0.0,0.161,@NYT,487 original programs aired in 2017. bet you didn’t watch them all.. https://t.co/ov0gch1uqu
484,0.0,Mon Jan 08 05:07:02 +0000 2018,1.0,0.0,0.0,@NYT,critic’s notebook: the golden globes get (halfway) woke. https://t.co/imiodzbjcr
485,0.0,Mon Jan 08 05:06:02 +0000 2018,1.0,0.0,0.0,@NYT,read oprah winfrey’s golden globes speech. https://t.co/nd14hescyg
486,0.0,Mon Jan 08 05:04:02 +0000 2018,1.0,0.0,0.0,@NYT,"the week ahead: discussion of inflation, unveiling of consumer tech and bank earnings. https://t.co/c3ldepfand"
487,0.0,Mon Jan 08 04:45:02 +0000 2018,1.0,0.0,0.0,@NYT,2018 golden globe red carpet pictures. https://t.co/dlztcc5wjr
488,0.6369,Mon Jan 08 04:20:01 +0000 2018,0.704,0.0,0.296,@NYT,natalie portman presents best director: ‘here are the all-male nominees’. https://t.co/apljpd1rpt
489,0.0,Mon Jan 08 04:19:01 +0000 2018,1.0,0.0,0.0,@NYT,stars will take activists to the golden globes red carpet. https://t.co/iagnwmsye4
490,0.0,Mon Jan 08 04:18:02 +0000 2018,1.0,0.0,0.0,@NYT,oprah winfrey’s speech: ‘a new day is on the horizon’. https://t.co/nd14hescyg
491,0.5423,Mon Jan 08 04:00:02 +0000 2018,0.461,0.189,0.35,@NYT,james franco and tommy wiseau: winning best actor for the worst movie. https://t.co/kt3kxqxjas
492,0.5859,Mon Jan 08 03:30:02 +0000 2018,0.648,0.0,0.352,@NYT,sam rockwell’s golden globes win fuels a debate. https://t.co/in1dwd8zaz
493,0.0,Mon Jan 08 03:21:02 +0000 2018,1.0,0.0,0.0,@NYT,"star trek: discovery: ‘star trek: discovery’ season 1, episode 10: mirrors!. https://t.co/bl1efqbsmt"
494,-0.3818,Mon Jan 08 03:20:01 +0000 2018,0.843,0.157,0.0,@NYT,"at the golden globes, stars and their activist guests talk about why they fight. https://t.co/xrdyogybqd"
495,0.0,Mon Jan 08 03:19:01 +0000 2018,1.0,0.0,0.0,@NYT,sterling k. brown: ‘i am being seen for who i am’. https://t.co/qczciwvarz
496,0.0,Mon Jan 08 02:54:01 +0000 2018,1.0,0.0,0.0,@NYT,why everyone is wearing black at the golden globes. https://t.co/3ni5vhnbry
497,0.0,Mon Jan 08 02:52:01 +0000 2018,1.0,0.0,0.0,@NYT,"op-ed columnist: ‘like, really smart’. https://t.co/4hjaqto4bb"
498,0.5859,Mon Jan 08 02:50:01 +0000 2018,0.798,0.0,0.202,@NYT,"on pro football: in win over panthers, saints turn back to drew brees to lead. https://t.co/hgvpo3tou0"
